sep=;
Date;Bid;Ask;Opening price;High price;Low price;Closing price;Average price;Total volume;Turnover;Trades;
2018-01-29;54,80;55,00;54,20;55,30;53,80;54,80;54,70;29781;1629004,7;136;
2018-01-26;54,10;54,40;54,80;54,80;53,30;54,20;54,351;71587;3890801,6;134;
2018-01-25;54,00;54,40;55,90;55,90;54,10;54,40;54,799;47835;2621325,5;157;
2018-01-24;55,80;56,00;56,30;56,50;55,50;55,80;56,008;34377;1925395,9;128;
2018-01-23;56,30;56,60;56,80;57,00;56,20;56,40;56,373;44303;2497539,1;168;
2018-01-22;56,80;57,00;58,00;58,00;56,50;56,70;57,154;82270;4702025,2;185;
2018-01-19;57,80;58,10;58,10;58,50;57,60;58,00;58,017;26034;1510405,3;113;
2018-01-18;57,90;58,20;57,90;59,10;57,70;58,00;58,421;69384;4053500,7;159;
2018-01-17;57,60;57,80;56,00;58,20;56,00;57,60;57,124;98046;5600808,4;210;
2018-01-16;56,00;56,10;56,10;56,70;56,00;56,00;56,095;87382;4901665,4;188;
2018-01-15;56,30;56,70;56,70;56,90;56,20;56,60;56,531;15859;896523,3;66;
2018-01-12;56,40;56,70;56,00;56,90;55,50;56,80;56,036;55467;3108126,9;131;
2018-01-11;56,00;56,10;55,90;56,10;55,50;56,10;55,774;23276;1298196,2;89;
2018-01-10;55,60;55,90;55,70;56,10;54,70;55,80;55,335;160000;8853610,7;259;
2018-01-09;55,70;56,00;55,40;56,00;55,10;56,00;55,618;18789;1045001,4;97;
2018-01-08;55,20;55,40;55,10;55,40;54,50;55,40;55,05;40114;2208292,5;152;
2018-01-05;54,80;55,10;54,40;55,00;54,30;55,00;54,667;8981;490959,9;37;
2018-01-04;54,30;54,40;54,60;54,80;53,40;54,40;54,379;34729;1888542,9;87;
2018-01-03;54,10;54,30;53,50;54,50;53,50;54,20;54,199;34568;1873535;112;
2018-01-02;53,60;53,90;53,30;54,10;53,30;53,90;53,821;28861;1553338,1;74;
2017-12-29;52,95;53,20;53,60;53,60;52,95;53,25;53,241;68879;3667172,45;143;
2017-12-28;53,35;53,50;54,35;54,35;53,10;53,55;53,398;96414;5148318,2;190;
2017-12-27;54,25;54,35;54,30;54,80;53,40;54,45;53,905;54050;2913572,05;180;
2017-12-22;54,45;54,80;55,20;55,25;54,15;54,95;54,648;19308;1055133,4;93;
2017-12-21;55,05;55,30;53,55;55,45;53,55;55,25;54,587;26867;1466595,85;168;
2017-12-20;53,65;53,90;54,95;55,05;53,65;53,65;54,337;45806;2488943,15;110;
2017-12-19;54,90;55,15;55,20;55,55;54,75;54,95;55,049;29167;1605604,95;137;
2017-12-18;55,70;55,95;53,55;56,00;53,55;55,35;55,142;119204;6573139,65;245;
2017-12-15;54,30;54,45;54,70;54,70;53,55;53,55;53,881;138105;7441204,15;210;
2017-12-14;54,35;54,75;55,50;55,50;53,50;54,75;54,173;28936;1567537,6;103;
2017-12-13;55,30;55,50;53,30;55,80;53,30;55,50;54,371;116897;6355820,95;190;
2017-12-12;53,10;53,30;52,85;53,45;52,75;53,30;52,95;39858;2110461,65;102;
2017-12-11;51,95;52,10;52,90;52,90;51,85;52,40;52,145;14748;769040,25;104;
2017-12-08;52,45;52,80;52,80;53,10;52,30;52,75;52,638;20043;1055019,2;70;
2017-12-07;52,55;52,75;52,20;53,20;52,20;52,65;52,757;25664;1353942,85;102;
2017-12-06;52,05;52,15;52,95;52,95;51,50;52,20;51,964;28021;1456080,4;112;
2017-12-05;52,95;53,40;52,60;53,35;51,85;53,25;52,499;30789;1616381,55;117;
2017-12-04;52,50;52,75;52,35;53,50;52,15;52,50;52,886;23658;1251184,3;123;
2017-12-01;52,20;52,50;52,55;52,65;51,55;52,15;52,265;54667;2857143,25;167;
2017-11-30;52,70;53,05;52,90;53,35;52,65;53,05;52,912;14046;743194,45;82;
2017-11-29;52,75;53,20;53,95;54,35;52,90;52,90;53,593;61270;3283654,65;148;
2017-11-28;53,25;53,55;53,10;53,75;52,60;53,50;53,242;57408;3056521,4;172;
2017-11-27;53,15;53,45;53,65;53,70;53,20;53,35;53,405;26466;1413412,1;81;
2017-11-24;53,45;53,60;53,80;54,00;53,20;53,65;53,479;33416;1787049,45;103;
2017-11-23;53,70;53,90;53,70;54,65;53,20;53,95;53,719;53612;2879975,15;140;
2017-11-22;54,15;54,40;54,40;54,45;53,70;54,45;53,982;74760;4035662,05;208;
2017-11-21;54,35;54,55;52,75;54,60;52,60;54,50;53,866;68296;3678821,15;170;
2017-11-20;52,55;52,70;51,80;52,75;51,35;52,60;52,103;21221;1105669,9;84;
2017-11-17;51,35;51,60;51,10;52,00;51,10;52,00;51,69;35018;1810082,55;133;
2017-11-16;51,05;51,25;50,20;51,25;50,00;51,25;50,303;1297173;65252051,4;94;
2017-11-15;50,00;50,05;50,00;50,05;49,18;50,05;49,49;31047;1536520,62;131;
2017-11-14;50,10;50,25;50,65;50,65;50,20;50,25;50,446;46115;2326331,6;117;
2017-11-13;50,55;50,80;50,50;50,95;49,81;50,75;50,453;32769;1653294,59;115;
2017-11-10;50,30;50,50;50,35;50,50;50,00;50,40;50,285;29278;1472244,5;128;
2017-11-09;50,55;50,80;52,50;52,50;50,40;50,50;51,174;89731;4591893,2;232;
2017-11-08;52,75;52,90;55,15;55,15;52,50;52,90;54,119;82357;4457034,6;197;
2017-11-07;54,90;55,20;55,05;55,30;54,45;55,00;54,942;97842;5375642,15;249;
2017-11-06;54,55;54,75;53,55;54,90;53,40;54,75;54,15;89455;4843954,95;175;
2017-11-03;53,50;53,75;53,15;53,70;53,15;53,60;53,432;19093;1020180,7;54;
2017-11-02;53,25;53,40;53,20;53,45;52,90;53,20;53,144;19236;1022278,6;119;
2017-11-01;53,00;53,20;52,95;53,25;52,55;53,25;52,932;14049;743634,45;99;
2017-10-31;52,55;52,80;51,90;53,70;51,90;52,85;52,844;69953;3696559,55;180;
2017-10-30;51,80;51,85;51,85;52,35;51,40;51,85;51,847;29958;1553239,2;155;
2017-10-27;51,75;51,95;51,95;52,45;51,60;51,95;52,118;60313;3143395,95;156;
2017-10-26;51,60;51,75;54,25;54,25;50,70;51,90;51,75;101883;5272484,05;265;
2017-10-25;54,05;54,20;53,65;54,50;53,35;54,30;53,719;104135;5594053,25;216;
2017-10-24;53,45;53,65;53,00;53,70;52,90;53,65;53,302;33466;1783805,1;148;
2017-10-23;53,00;53,15;52,65;53,40;51,70;53,15;52,427;138047;7237317,25;331;
2017-10-20;52,45;52,65;49,58;53,40;49,58;52,65;51,909;197668;10260787,24;492;
2017-10-19;49,67;49,85;50,45;50,50;49,16;49,78;49,903;34823;1737764,76;171;
2017-10-18;50,40;50,65;49,85;50,90;49,69;50,40;50,323;68561;3450203,83;204;
2017-10-17;49,73;49,93;49,99;51,25;48,91;49,85;50,173;141888;7118948,13;384;
2017-10-16;49,25;49,40;49,08;49,89;48,94;49,43;49,393;104357;5154328,21;242;
2017-10-13;48,62;48,74;47,10;49,44;47,10;48,78;48,337;94714;4578154,45;287;
2017-10-12;47,01;47,10;46,94;47,10;46,20;47,10;46,843;35682;1671464,9;145;
2017-10-11;46,34;46,52;47,50;47,50;46,17;46,43;46,62;37729;1758926,47;153;
2017-10-10;47,09;47,37;48,40;48,40;47,19;47,25;47,878;63893;3059095,5;232;
2017-10-09;48,09;48,33;46,97;48,51;46,97;48,37;47,967;76343;3661908,49;295;
2017-10-06;46,71;46,93;46,60;47,17;46,33;46,97;46,772;26336;1231788,82;147;
2017-10-05;46,30;46,60;45,38;46,93;45,38;46,03;46,26;35783;1655314,86;149;
2017-10-04;45,29;45,38;46,07;46,14;45,20;45,38;45,691;19077;871646,73;109;
2017-10-03;46,02;46,20;47,09;47,09;45,64;46,07;46,002;28589;1315154,84;165;
2017-10-02;47,04;47,29;47,77;47,77;46,41;47,23;47,16;31113;1467285,04;123;
2017-09-29;46,73;46,96;47,00;47,32;46,54;47,11;46,909;21578;1012212,05;132;
2017-09-28;46,55;46,77;46,42;46,88;45,83;46,88;46,05;16811;774143,61;102;
2017-09-27;46,26;46,45;47,10;47,10;46,40;46,42;46,726;30118;1407295,63;113;
2017-09-26;46,57;46,79;46,00;46,97;45,94;46,97;46,574;25150;1171323,52;99;
2017-09-25;45,63;45,94;45,22;46,06;45,00;45,70;45,491;29403;1337576;148;
2017-09-22;45,10;45,22;45,25;45,97;44,67;45,21;45,126;75347;3399807,04;294;
2017-09-21;44,19;44,38;44,90;44,90;44,17;44,31;44,404;41151;1827269,52;229;
2017-09-20;44,77;44,91;45,96;46,12;44,77;44,96;45,284;87084;3943547,26;411;
2017-09-19;45,90;46,28;46,49;46,85;45,64;45,98;46,26;29512;1365226,21;161;
2017-09-18;46,23;46,46;46,72;47,39;46,23;46,49;46,889;40160;1883073,68;195;
2017-09-15;47,15;47,42;47,95;47,95;46,59;46,59;46,632;460883;21491832,2;329;
2017-09-14;47,63;47,75;47,72;47,91;47,45;47,85;47,711;54193;2585599,42;404;
2017-09-13;47,52;47,76;48,74;48,74;47,44;47,76;47,944;58475;2803547,05;405;
2017-09-12;48,00;48,25;47,44;48,66;47,44;48,25;48,134;62700;3018016,18;403;
2017-09-11;47,25;47,35;46,85;47,67;46,60;47,43;47,181;37174;1753921,42;287;
2017-09-08;46,29;46,61;46,50;46,74;46,12;46,60;46,402;45758;2123260,77;305;
2017-09-07;46,44;46,51;46,34;46,61;45,50;46,51;46,184;61938;2860521,6;278;
2017-09-06;45,61;45,93;46,82;46,82;45,53;45,71;45,913;74675;3428576,61;446;
2017-09-05;46,41;46,60;46,97;46,97;46,25;46,59;46,676;47768;2229599,17;317;
2017-09-04;46,33;46,66;46,88;46,88;46,19;46,71;46,506;67388;3133917,96;378;
2017-09-01;46,71;46,84;46,90;47,25;46,50;47,00;46,772;74254;3473025,44;286;
2017-08-31;46,86;46,90;47,00;47,00;46,25;46,90;46,756;86828;4059734,42;279;
2017-08-30;46,79;46,90;46,31;46,90;46,30;46,90;46,582;22287;1038173,34;98;
2017-08-29;45,76;46,02;47,00;47,00;45,68;45,79;46,182;33628;1553018,2;125;
2017-08-28;46,73;47,00;47,04;47,06;46,57;46,99;46,726;26489;1237731,42;112;
2017-08-25;47,11;47,25;47,43;48,12;47,10;47,25;47,551;41891;1991974,56;186;
2017-08-24;47,46;47,72;48,07;48,25;47,32;47,71;47,603;16915;805209,49;79;
2017-08-23;47,83;48,00;48,01;48,38;47,51;48,06;47,994;34182;1640516,53;117;
2017-08-22;47,67;47,85;47,75;48,21;47,16;47,85;47,754;63127;3014573,74;174;
2017-08-21;47,79;48,05;48,81;48,81;47,75;47,80;48,13;60610;2917176,84;160;
2017-08-18;48,90;48,95;49,28;49,28;48,60;48,95;48,844;21516;1050929,04;82;
2017-08-17;49,06;49,55;49,95;49,95;49,10;49,41;49,468;27365;1353679,45;97;
2017-08-16;49,57;49,80;49,45;49,82;49,02;49,58;49,44;46244;2286297,13;117;
2017-08-15;49,50;49,79;50,35;50,35;49,45;49,45;49,969;38969;1947221,65;108;
2017-08-14;49,81;50,10;49,07;50,00;48,88;49,82;49,374;82985;4097305,66;257;
2017-08-11;49,02;49,14;49,00;49,40;48,80;49,25;49,027;26548;1301560,68;92;
2017-08-10;49,69;49,74;50,00;50,15;49,33;49,95;49,74;33211;1651898,1;113;
2017-08-09;50,10;50,25;50,50;50,50;49,75;49,99;50,033;86059;4305868,12;234;
2017-08-08;50,70;50,85;51,20;51,20;50,50;50,85;50,774;21850;1109420,5;99;
2017-08-07;50,70;51,00;51,45;51,45;50,70;51,20;51,036;56345;2875598;167;
2017-08-04;51,40;51,45;51,50;51,50;51,25;51,45;51,437;22823;1173948,25;95;
2017-08-03;51,25;51,35;51,50;52,15;51,20;51,45;51,696;26850;1388030,65;130;
2017-08-02;51,45;51,60;52,40;52,40;51,45;51,45;51,688;32314;1670242,65;144;
2017-08-01;51,75;52,00;52,60;52,60;51,60;51,85;52,026;31240;1625298,15;151;
2017-07-31;52,05;52,40;51,60;52,45;51,30;52,35;51,69;38287;1979035,8;155;
2017-07-28;51,50;51,95;51,50;51,80;50,80;51,55;51,364;38110;1957495,35;162;
2017-07-27;51,70;51,95;51,85;52,25;51,65;51,95;51,925;43234;2244916,55;139;
2017-07-26;51,85;52,15;52,55;52,55;51,80;52,05;52,146;23539;1227460,15;152;
2017-07-25;52,50;52,65;52,40;52,75;52,30;52,75;52,469;30139;1581358,45;164;
2017-07-24;52,45;52,55;52,45;52,90;52,20;52,40;52,507;27612;1449831,35;149;
2017-07-21;52,05;52,65;52,30;52,50;51,90;52,15;52,247;90461;4726305,75;246;
2017-07-20;52,50;52,55;52,00;52,75;51,75;52,50;52,387;98952;5183819,85;323;
2017-07-19;51,50;51,95;51,30;51,95;50,10;51,60;51,057;149369;7626366,85;555;
2017-07-18;51,10;51,45;56,10;56,50;51,10;51,25;53,951;313065;16889965,5;1066;
2017-07-17;60,35;60,70;61,45;61,85;60,30;60,30;61,069;26266;1604035,25;104;
2017-07-14;61,55;61,95;62,00;62,15;61,50;61,50;61,76;8693;536878,45;61;
2017-07-13;61,60;61,95;62,60;62,60;61,40;61,60;61,773;10448;645403,25;78;
2017-07-12;62,10;62,90;62,00;62,90;61,55;62,85;62,183;18694;1162448,6;103;
2017-07-11;61,25;62,00;61,30;62,00;61,25;62,00;61,506;13987;860280,5;111;
2017-07-10;60,65;61,10;60,85;61,45;60,65;60,75;61,007;15343;936023,95;83;
2017-07-07;60,40;61,00;60,05;61,00;60,05;60,45;60,478;11828;715337,75;95;
2017-07-06;60,25;60,70;61,50;61,50;60,10;60,60;60,492;20855;1261564,25;91;
2017-07-05;61,10;61,55;60,00;61,95;60,00;61,20;61,263;21151;1295762,55;142;
2017-07-04;60,00;60,10;60,65;60,65;60,00;60,00;60,366;5039;304183,7;58;
2017-07-03;60,40;60,80;60,00;60,80;60,00;60,65;60,453;16551;1000372,35;105;
2017-06-30;59,70;60,10;60,45;61,40;59,60;59,60;60,469;16256;982975,5;97;
2017-06-29;60,50;60,70;61,80;62,35;60,45;60,45;61,271;24004;1470736,45;182;
2017-06-28;61,50;61,80;61,90;61,90;60,65;61,70;61,249;34475;2111542,65;146;
2017-06-27;61,65;62,00;63,00;63,00;61,65;62,00;62,274;10331;643350,1;96;
2017-06-26;63,00;63,45;63,05;63,50;62,85;63,00;63,274;25451;1610386,95;170;
2017-06-22;63,10;63,35;62,25;63,45;62,25;63,05;62,895;23912;1503955,1;74;
2017-06-21;61,95;62,25;61,60;62,50;61,45;62,25;61,963;43868;2718201,25;251;
2017-06-20;61,20;61,50;61,45;61,70;61,00;61,50;61,457;11991;736929,65;152;
2017-06-19;61,10;61,30;60,55;61,40;60,55;61,30;60,996;74473;4542563,65;220;
2017-06-16;60,65;60,90;61,15;61,30;60,60;60,70;60,957;19091;1163727,7;144;
2017-06-15;60,85;60,95;62,45;62,45;60,65;61,10;61,112;81352;4971579,1;278;
2017-06-14;61,75;62,10;63,00;63,05;61,75;62,00;62,14;33774;2098725,2;161;
2017-06-13;62,55;63,00;62,70;63,40;62,40;63,00;62,836;14095;885677,75;115;
2017-06-12;62,75;62,80;63,35;63,35;61,85;63,00;62,20;128895;8017269,85;222;
2017-06-09;63,25;63,50;63,50;63,65;63,20;63,45;63,348;14902;944012,15;155;
2017-06-08;63,50;63,65;63,30;63,80;63,25;63,50;63,456;31619;2006405,75;208;
2017-06-07;62,90;63,05;63,05;63,70;62,30;63,30;63,13;44755;2825371,8;227;
2017-06-05;63,15;63,30;64,50;64,50;63,00;63,15;63,586;36548;2323936,05;204;
2017-06-02;63,95;64,10;64,30;64,80;64,00;64,35;64,473;35222;2270860,1;179;
2017-06-01;63,55;63,95;64,05;64,10;63,10;63,60;63,834;84776;5411613,85;311;
2017-05-31;63,30;63,65;63,45;64,20;62,40;63,70;63,577;233879;14869219,2;869;
2017-05-30;59,75;59,85;59,85;60,65;59,70;59,85;60,115;20515;1233248,55;148;
2017-05-29;59,60;59,85;60,75;60,75;59,55;59,70;60,065;12714;763667,15;119;
2017-05-26;60,30;60,70;61,25;61,25;59,35;60,80;60,132;77212;4642752,15;298;
2017-05-24;61,30;61,60;61,00;62,50;60,15;61,70;61,339;59713;3662755,55;256;
2017-05-23;60,20;60,45;57,90;60,35;57,90;60,15;59,393;88002;5226685,95;285;
2017-05-22;57,65;57,75;57,05;57,85;57,05;57,50;57,502;14929;858444,85;82;
2017-05-19;57,10;57,40;56,80;57,50;56,75;57,00;57,164;17377;993330,85;128;
2017-05-18;56,80;57,10;57,60;57,60;56,30;56,60;56,777;27533;1563243,25;117;
2017-05-17;57,55;57,90;57,75;58,90;57,50;57,50;58,379;26973;1574661,9;132;
2017-05-16;58,35;58,65;58,00;58,95;58,00;58,25;58,546;17285;1011975,2;106;
2017-05-15;58,25;58,45;56,60;58,65;56,60;58,15;57,804;58006;3352972,65;227;
2017-05-12;56,85;57,10;55,95;57,40;55,95;56,75;56,873;20166;1146909,3;88;
2017-05-11;56,55;56,95;57,60;57,60;56,45;56,75;56,934;22648;1289441,35;127;
2017-05-10;57,25;57,30;58,50;58,50;57,10;57,10;57,917;29105;1685665,85;105;
2017-05-09;58,05;58,25;57,65;58,30;57,65;58,30;58,091;14332;832554,1;93;
2017-05-08;57,55;57,65;58,00;58,00;57,35;57,65;57,697;17197;992223;88;
2017-05-05;57,50;57,80;58,00;58,40;56,80;57,50;57,951;25982;1505675,9;115;
2017-05-04;57,75;58,00;56,95;58,00;56,95;58,00;57,448;22964;1319223,4;107;
2017-05-03;56,85;57,15;57,95;58,00;56,25;56,95;57,062;114765;6548674,3;107;
2017-05-02;57,70;57,95;56,35;58,00;56,35;57,95;57,284;73773;4226023,35;190;
2017-04-28;56,25;56,60;56,35;56,70;56,00;56,60;56,348;58936;3320926,9;124;
2017-04-27;56,00;56,35;55,15;56,35;55,15;56,35;55,795;23922;1334716,95;86;
2017-04-26;55,05;55,40;54,10;55,50;54,10;55,15;54,67;57196;3126897,1;164;
2017-04-25;54,50;54,80;54,75;56,10;54,00;54,50;54,756;83331;4562879,15;274;
2017-04-24;56,05;56,40;55,90;57,45;55,90;56,20;56,776;57748;3278694,75;134;
2017-04-21;55,85;56,15;56,70;56,90;55,70;55,90;56,131;26388;1481182,75;87;
2017-04-20;55,75;56,35;56,30;56,95;55,75;55,75;56,405;21130;1191845,55;95;
2017-04-19;55,90;56,30;56,15;56,40;55,60;56,30;55,867;49453;2762774,65;150;
2017-04-18;56,30;56,55;56,75;57,00;56,10;56,35;56,395;19804;1116848;103;
2017-04-13;57,10;57,30;57,50;57,55;56,90;57,10;57,299;19488;1116645,25;67;
2017-04-12;57,10;57,50;56,75;57,90;56,75;57,50;57,457;25358;1456994,2;73;
2017-04-11;56,65;56,90;57,00;57,60;56,20;56,90;56,894;69154;3934463,55;162;
2017-04-10;57,65;57,95;57,70;57,90;57,50;57,60;57,653;7333;422771,45;62;
2017-04-07;57,65;57,90;57,00;57,95;57,00;57,90;57,642;21269;1225983,4;83;
2017-04-06;57,35;57,70;56,80;57,70;56,20;57,35;57,149;16494;942613;65;
2017-04-05;56,50;56,95;58,30;58,45;56,50;56,50;56,953;23643;1346540,85;96;
2017-04-04;57,85;58,45;57,80;58,75;57,40;57,85;57,95;20515;1188852,1;89;
2017-04-03;57,95;58,25;58,75;59,20;57,80;57,80;58,691;35159;2063500,1;135;
2017-03-31;58,75;59,05;57,60;59,05;57,60;59,00;58,462;71987;4208470,35;149;
2017-03-30;57,60;57,90;57,00;57,75;55,80;57,75;57,076;45558;2600244,65;129;
2017-03-29;56,55;56,95;56,35;57,65;56,35;56,75;56,854;33294;1892886,2;146;
2017-03-28;56,30;56,90;55,70;58,50;55,50;56,35;57,114;106267;6069290,6;290;
2017-03-27;57,55;58,15;57,20;58,50;56,75;57,75;57,748;46250;2670832,9;176;
2017-03-24;57,05;57,80;56,50;57,80;56,45;57,55;57,153;17284;987834,1;77;
2017-03-23;56,55;56,95;56,45;57,00;55,50;56,55;56,117;41947;2353923,15;113;
2017-03-22;55,95;56,45;56,50;56,70;55,00;56,50;56,103;60909;3417168,2;249;
2017-03-21;56,75;57,20;57,70;57,95;56,55;56,75;57,207;34844;1993307,85;86;
2017-03-20;58,05;58,30;58,55;58,55;57,55;58,05;57,978;12030;697473,95;49;
2017-03-17;57,85;58,20;58,25;58,35;57,40;58,00;57,809;27112;1567327,95;101;
2017-03-16;57,60;57,90;57,30;58,55;57,25;57,90;57,72;28596;1650559,6;94;
2017-03-15;57,05;57,20;57,90;58,65;57,05;57,10;57,697;21713;1252776,15;93;
2017-03-14;57,80;58,15;58,85;58,85;57,90;57,90;58,329;27371;1596525,15;101;
2017-03-13;58,50;58,80;59,00;59,25;58,50;58,90;58,964;29487;1738684,4;111;
2017-03-10;59,00;59,25;59,05;59,50;58,80;59,30;59,148;71895;4252429,8;149;
2017-03-09;58,80;58,95;58,00;59,15;57,75;58,95;58,846;184207;10839839,3;316;
2017-03-08;56,70;56,95;57,30;57,45;56,70;56,95;57,038;15939;909125;92;
2017-03-07;57,15;57,45;57,70;58,15;57,20;57,35;57,755;33890;1957314,4;155;
2017-03-06;57,60;57,80;58,45;58,55;57,60;57,85;57,992;41235;2391278,25;137;
2017-03-03;58,45;58,80;58,50;58,95;57,80;58,75;58,126;89022;5174463,95;185;
2017-03-02;58,45;58,65;58,50;59,20;58,45;58,50;58,847;246124;14483556,8;589;
2017-03-01;58,60;58,80;58,80;59,35;58,40;58,45;58,903;159464;9392973,95;416;
2017-02-28;58,00;58,10;58,25;58,25;56,80;58,15;57,805;235755;13627757,95;492;
2017-02-27;57,50;57,80;58,10;58,10;56,45;57,50;57,304;207943;11915862,2;448;
2017-02-24;57,35;57,95;59,30;60,00;56,95;57,55;58,779;1221202;71781239,95;550;
2017-02-23;59,15;59,45;59,35;61,00;58,55;59,15;59,67;161812;9655262,65;521;
2017-02-22;59,00;59,05;57,00;59,50;57,00;59,00;58,742;461802;27127016,6;426;
2017-02-21;56,50;56,90;54,80;58,00;54,55;56,50;56,296;92173;5188955,95;244;
2017-02-20;54,55;55,00;54,50;54,95;54,20;54,55;54,474;22860;1245266,1;73;
2017-02-17;54,05;54,45;55,50;55,95;53,25;54,45;54,424;43692;2377889,7;122;
2017-02-16;54,90;55,40;53,40;55,90;53,40;55,35;54,668;79208;4330156,4;187;
2017-02-15;53,05;53,35;52,00;53,35;52,00;53,35;52,849;34515;1824076,05;146;
2017-02-14;51,95;52,25;51,40;52,45;51,40;51,50;51,932;18846;978701,25;82;
2017-02-13;51,35;51,65;51,25;52,00;51,15;51,35;51,495;19778;1018460,2;93;
2017-02-10;51,30;51,60;52,00;52,50;51,15;51,15;52,013;14968;778524,85;65;
2017-02-09;51,60;52,00;50,50;52,00;50,50;51,60;51,591;7437;383679,55;50;
2017-02-08;50,95;51,40;51,00;51,05;50,50;50,95;50,764;9535;484030,75;40;
2017-02-07;51,00;51,35;51,00;51,80;51,00;51,00;51,34;14947;767383,55;71;
2017-02-06;51,25;51,50;53,00;53,00;51,20;51,20;52,143;63766;3324928,45;159;
2017-02-03;53,00;53,05;52,00;53,20;51,80;53,00;52,855;58926;3114532,1;96;
2017-02-02;52,00;52,30;52,00;52,40;51,90;51,95;52,068;15542;809239,7;53;
2017-02-01;52,00;52,25;52,50;52,90;52,00;52,00;52,413;11259;590117,95;68;
2017-01-31;52,55;52,75;52,10;53,30;52,00;52,50;52,814;151072;7977988,95;134;
2017-01-30;52,10;52,35;52,50;52,65;51,80;52,10;52,242;65418;3417580,15;177;
2017-01-27;52,20;52,70;53,35;53,45;51,35;52,80;52,447;1465884;76881722,15;228;
2017-01-26;53,35;53,65;54,60;55,70;51,90;53,35;54,049;122984;6647169,4;320;
2017-01-25;52,60;52,80;52,70;53,25;52,35;52,60;52,639;25674;1351456,4;108;
2017-01-24;52,15;52,50;51,65;52,50;51,65;52,50;52,15;13788;719041,15;58;
2017-01-23;51,90;52,00;52,45;52,75;51,85;52,00;52,158;20735;1081485,15;98;
2017-01-20;52,55;52,75;53,10;53,25;52,15;52,45;52,779;22127;1167838,1;99;
2017-01-19;52,95;53,10;53,00;53,35;52,90;52,95;53,133;20975;1114460,5;83;
2017-01-18;53,60;53,70;54,00;54,00;53,30;53,50;53,585;10380;556211,55;72;
2017-01-17;54,00;54,10;53,70;54,70;53,35;54,00;54,045;23621;1276605;112;
2017-01-16;53,55;53,70;53,90;54,20;53,55;53,70;53,873;22687;1222217,05;105;
2017-01-13;53,65;53,75;53,55;54,00;53,50;53,50;53,741;25096;1348685;109;
2017-01-12;53,40;53,55;54,40;54,40;53,15;53,25;53,64;23855;1279569,45;83;
2017-01-11;54,30;54,45;53,75;54,55;53,20;54,55;54,082;29059;1571563,15;73;
2017-01-10;53,25;53,95;53,55;54,15;53,40;53,95;53,901;28946;1560228,95;76;
2017-01-09;53,60;53,80;53,40;53,80;53,20;53,55;53,434;38390;2051347,55;125;
2017-01-05;53,60;54,00;53,70;54,10;53,45;53,45;53,808;11289;607441,45;32;
2017-01-04;53,60;53,65;53,85;53,85;53,35;53,70;53,654;30176;1619072,1;99;
2017-01-03;53,10;53,35;53,25;53,90;53,00;53,25;53,416;39678;2119439,75;158;
2017-01-02;53,15;53,35;52,60;53,45;52,50;53,35;53,125;10703;568592,6;67;
2016-12-30;52,60;52,80;52,00;53,70;52,00;53,00;52,821;75964;4012505,1;188;
2016-12-29;52,20;52,30;53,35;53,90;52,05;52,05;52,913;49035;2594591,2;173;
2016-12-28;53,35;53,60;53,70;54,15;53,25;53,35;53,656;26691;1432121,85;115;
2016-12-27;53,60;53,80;53,85;54,20;53,00;53,65;53,557;40401;2163774,2;135;
2016-12-23;53,60;53,80;53,00;54,00;52,75;53,50;53,572;33611;1800593,15;114;
2016-12-22;52,45;52,60;53,30;53,30;52,10;52,50;52,567;25261;1327889,5;104;
2016-12-21;53,20;53,45;53,50;53,50;52,65;53,45;53,112;46853;2488469,85;151;
2016-12-20;53,70;53,80;55,90;56,00;53,25;53,70;54,335;93692;5090729,75;236;
2016-12-19;55,50;55,90;54,90;56,00;54,45;55,65;55,286;54412;3008234,85;192;
2016-12-16;54,95;55,30;55,00;55,85;54,70;55,25;55,214;122517;6764693,75;270;
2016-12-15;54,55;54,70;52,50;54,70;52,20;54,45;53,586;163105;8740324,15;331;
2016-12-14;52,35;52,40;51,40;52,40;51,15;52,30;51,794;123045;6373001,6;316;
2016-12-13;50,95;51,30;50,90;51,30;50,35;51,30;50,865;92863;4723500,55;229;
2016-12-12;50,65;51,20;49,80;51,15;49,50;51,10;50,018;140978;7051469,74;433;
2016-12-09;49,99;50,30;48,90;50,35;48,83;50,00;49,823;86761;4321461,85;261;
2016-12-08;48,41;49,19;49,30;49,65;48,00;48,68;49,038;54330;2664496,02;160;
2016-12-07;49,20;49,48;49,76;49,76;49,20;49,30;49,455;42646;2109131,96;137;
2016-12-06;48,92;49,00;48,50;49,08;48,30;49,08;48,862;75260;3677217,56;191;
2016-12-05;48,18;48,46;48,17;49,15;48,00;48,27;48,542;3734155;180124492,34;230;
2016-12-02;48,25;48,52;48,71;49,00;48,00;48,16;48,511;71235;3455725,95;207;
2016-12-01;48,83;49,00;49,31;50,20;48,71;48,71;49,558;37462;1856235,24;142;
2016-11-30;50,25;50,85;50,30;50,90;48,82;48,82;49,833;223872;11156180,21;198;
2016-11-29;50,25;50,75;51,90;51,90;50,05;50,40;50,555;33149;1675963,61;139;
2016-11-28;51,00;51,45;51,75;52,00;51,30;51,50;51,767;33809;1750182,7;185;
2016-11-25;51,70;52,00;51,45;52,00;51,15;51,70;51,71;38804;2006562,6;284;
2016-11-24;50,55;51,00;50,45;51,15;49,50;51,15;50,361;50513;2543875,97;214;
2016-11-23;50,85;51,45;52,15;52,15;50,70;50,95;51,235;68236;3496060,05;261;
2016-11-22;52,70;53,05;52,80;53,90;52,75;52,75;53,102;46880;2489439,65;128;
2016-11-21;52,70;52,95;53,20;54,10;52,50;52,75;53,148;34395;1828006,65;156;
2016-11-18;52,35;52,45;53,00;53,00;51,90;52,35;52,431;44308;2323111,5;145;
2016-11-17;52,30;52,60;51,70;53,00;51,15;52,35;52,443;58232;3053845,55;222;
2016-11-16;51,00;51,25;50,15;51,30;50,10;51,20;50,674;40687;2061788,6;126;
2016-11-15;50,25;50,70;50,55;50,95;49,65;50,25;50,342;30787;1549871,25;131;
2016-11-14;50,15;50,55;49,01;50,50;49,01;49,98;49,967;86702;4332212,67;220;
2016-11-11;48,45;48,80;49,24;49,24;48,12;48,45;48,625;17557;853701,98;63;
2016-11-10;48,70;49,15;48,10;49,45;48,10;48,61;48,704;34740;1691963,56;110;
2016-11-09;47,92;48,50;47,50;48,88;47,00;48,30;47,97;68082;3265861,52;161;
2016-11-08;49,01;49,30;49,20;49,62;48,85;48,99;49,162;23984;1179102,56;105;
2016-11-07;48,84;49,15;48,50;49,10;48,07;48,85;48,591;37414;1817995,96;138;
2016-11-04;48,35;48,54;48,78;49,00;48,00;48,54;48,331;9152;442324,82;56;
2016-11-03;48,30;48,40;48,35;49,00;48,30;48,30;48,609;20540;998429,06;98;
2016-11-02;48,35;48,46;48,20;49,25;48,10;48,35;48,791;39993;1951296,08;129;
2016-11-01;48,20;48,21;48,80;49,20;47,98;48,10;48,501;22792;1105426,5;146;
2016-10-31;48,66;48,81;49,99;49,99;48,51;48,80;49,062;83084;4076236,78;214;
2016-10-28;48,30;48,40;47,00;48,84;46,06;48,77;47,527;107756;5121313,12;258;
2016-10-27;46,56;46,99;47,32;47,37;45,63;46,79;46,499;69121;3214026,25;216;
2016-10-26;46,40;46,74;47,45;47,84;45,20;46,59;46,539;141522;6586318,83;506;
2016-10-25;45,80;45,92;46,79;46,79;45,71;45,71;46,131;57813;2666997,14;215;
2016-10-24;46,60;46,74;48,00;48,00;46,50;46,60;46,99;36558;1717868,26;164;
2016-10-21;46,56;46,81;47,00;48,48;45,39;46,45;47,10;91072;4289526,9;326;
2016-10-20;48,82;49,33;49,34;49,34;48,26;48,84;48,825;43119;2105311,84;146;
2016-10-19;49,34;49,50;49,13;49,99;49,13;49,34;49,474;46710;2310879,86;134;
2016-10-18;49,20;49,40;49,45;50,05;48,50;49,13;49,195;41882;2060305,01;155;
2016-10-17;49,12;49,48;50,00;50,50;49,00;49,23;49,698;61148;3038910,3;282;
2016-10-14;49,25;49,75;49,60;49,89;49,00;49,74;49,298;81451;4015361,55;336;
2016-10-13;49,50;49,90;50,90;51,80;49,10;49,72;50,594;139528;7059224,34;640;
2016-10-12;50,80;50,90;52,95;54,10;50,40;50,65;52,495;234188;12293736,3;1055;
2016-10-11;61,60;61,85;62,15;62,40;61,50;61,90;62,005;3007;186440,85;49;
2016-10-10;61,75;62,25;61,50;62,25;60,55;62,15;61,278;19112;1171139,9;91;
2016-10-07;61,00;61,50;60,75;61,50;60,05;61,50;60,722;20999;1275108,25;77;
2016-10-06;60,75;60,85;60,90;61,50;60,55;60,80;60,84;9829;597993,75;60;
2016-10-05;60,80;60,90;61,50;62,05;60,20;60,90;61,187;15629;956309,45;95;
2016-10-04;61,55;62,00;62,15;62,50;61,30;62,20;61,999;33969;2106051,1;154;
2016-10-03;61,05;61,45;62,00;62,35;61,30;61,30;61,893;21500;1330708,65;109;
2016-09-30;61,40;61,95;60,55;62,75;60,40;61,85;61,601;48551;2990768,45;164;
2016-09-29;60,35;60,75;59,75;61,45;59,50;60,35;60,272;36915;2224948,5;130;
2016-09-28;58,45;59,00;58,80;59,60;58,45;58,45;58,892;17265;1016769,35;70;
2016-09-27;58,60;59,10;59,40;59,95;58,50;58,80;58,869;11249;662216,85;59;
2016-09-26;59,35;60,00;60,25;60,50;59,25;59,45;60,053;20233;1215059,7;64;
2016-09-23;59,95;60,05;60,85;61,00;59,70;59,95;60,174;20372;1225872,1;100;
2016-09-22;60,85;61,10;59,35;61,65;59,30;60,85;60,456;47187;2852724,95;182;
2016-09-21;59,50;60,00;58,85;60,25;58,85;59,95;59,58;17337;1032941,8;91;
2016-09-20;58,80;59,20;59,00;59,25;58,70;58,85;58,994;14788;872402,95;54;
2016-09-19;58,90;59,25;59,00;59,45;58,45;59,45;59,009;33198;1958967,3;122;
2016-09-16;59,15;59,60;58,55;59,65;58,10;59,65;58,856;32007;1883801,8;122;
2016-09-15;58,05;58,50;57,30;58,80;57,20;58,10;57,721;17224;994185,6;66;
2016-09-14;57,50;57,90;58,15;58,15;57,50;57,60;57,687;14512;837145,9;58;
2016-09-13;58,00;58,30;58,50;58,85;58,00;58,05;58,31;14816;863912,95;74;
2016-09-12;58,40;58,45;59,00;59,00;58,10;58,35;58,443;15867;927313,75;96;
2016-09-09;59,20;59,45;59,95;60,00;59,05;59,40;59,534;19625;1168345,35;96;
2016-09-08;59,35;59,60;60,60;60,60;59,05;59,55;59,762;24904;1488303,65;123;
2016-09-07;60,10;60,35;59,80;60,55;59,80;60,35;60,088;46628;2801781,9;97;
2016-09-06;59,70;59,85;61,95;61,95;59,40;59,80;60,205;69286;4171339,55;241;
2016-09-05;61,65;62,00;62,00;62,20;61,60;62,00;61,887;16518;1022245,65;71;
2016-09-02;61,65;61,85;61,50;61,95;61,50;61,60;61,688;9297;573515,95;39;
2016-09-01;61,30;61,65;61,85;62,00;60,90;61,35;61,444;29610;1819368;114;
2016-08-31;62,05;62,65;63,75;64,00;61,40;61,40;62,478;128010;7997756;284;
2016-08-30;63,25;63,30;62,85;64,10;62,85;63,55;63,629;78727;5009309,75;171;
2016-08-29;62,95;63,25;63,90;63,90;62,85;62,85;63,349;21962;1391268,8;86;
2016-08-26;63,25;63,80;63,00;63,90;62,75;63,85;63,459;15824;1004178,35;65;
2016-08-25;62,60;63,00;63,70;63,95;62,60;62,60;63,036;14516;915027,75;58;
2016-08-24;63,05;63,75;63,85;63,95;63,00;63,55;63,445;15131;959986,35;79;
2016-08-23;63,45;63,65;63,70;64,00;63,35;63,50;63,796;14669;935820,35;60;
2016-08-22;62,65;62,80;62,75;63,90;62,65;62,65;63,301;41113;2602492,25;100;
2016-08-19;62,45;63,00;62,55;63,20;62,25;62,65;62,711;28189;1767753,95;69;
2016-08-18;62,10;62,30;62,25;62,85;61,85;62,10;62,266;23352;1454036,7;53;
2016-08-17;62,25;62,70;63,30;63,30;62,30;62,70;62,678;19329;1211496,05;55;
2016-08-16;62,80;63,40;63,75;64,10;62,90;63,15;63,521;18457;1172399,2;60;
2016-08-15;63,45;63,80;63,00;63,90;63,00;63,75;63,479;8313;527700,4;48;
2016-08-12;62,90;63,25;63,45;63,45;62,70;63,00;62,998;11960;753459,5;68;
2016-08-11;62,95;63,45;63,00;63,50;62,65;63,45;63,168;15565;983216,45;69;
2016-08-10;62,85;63,40;63,65;64,15;63,30;63,30;63,754;28726;1831396,45;67;
2016-08-09;63,65;63,75;62,20;63,95;62,20;63,65;63,459;11497;729584;50;
2016-08-08;63,40;63,80;62,70;64,10;62,70;63,40;63,403;20838;1321188,95;83;
2016-08-05;62,50;62,75;61,20;62,70;61,20;62,70;61,967;14167;877880,65;72;
2016-08-04;61,00;61,50;61,00;61,80;60,80;61,10;61,123;29784;1820496,5;135;
2016-08-03;61,00;61,40;62,00;62,45;60,90;61,00;61,217;18221;1115427,45;80;
2016-08-02;62,25;62,80;63,00;63,65;62,00;62,35;62,839;15324;962943,25;88;
2016-08-01;63,00;63,20;62,90;63,60;62,85;63,00;63,086;8597;542349,2;61;
2016-07-29;63,10;63,60;63,20;64,00;63,05;63,10;63,558;9477;602340,7;60;
2016-07-28;63,30;63,85;64,75;64,75;63,20;63,20;63,92;14742;942306,45;62;
2016-07-27;64,30;64,75;63,80;65,25;63,80;64,35;64,639;21638;1398655,35;111;
2016-07-26;63,70;64,30;65,10;65,10;63,30;64,00;63,971;26681;1706801,6;141;
2016-07-25;64,05;64,65;64,55;66,10;64,15;64,55;65,292;53194;3473166,15;270;
2016-07-22;62,35;62,95;63,00;63,05;61,75;62,40;62,517;204699;12797129,45;108;
2016-07-21;62,35;62,70;61,75;62,75;61,75;62,70;62,562;15233;952998,65;91;
2016-07-20;62,00;62,45;61,35;62,50;61,35;61,90;62,216;19757;1229203,2;94;
2016-07-19;61,40;61,50;62,60;65,65;61,20;61,20;63,121;69962;4416060,65;257;
2016-07-18;63,05;63,50;64,80;64,80;62,50;63,00;63,256;62828;3974241,85;239;
2016-07-15;65,75;66,00;65,50;66,20;65,35;65,80;65,803;7154;470753,95;45;
2016-07-14;65,50;65,70;65,05;66,25;65,05;65,85;65,85;4630;304883,25;38;
2016-07-13;65,05;65,15;65,70;66,75;65,05;65,40;66,002;7464;492637,9;52;
2016-07-12;65,20;65,85;65,15;66,10;65,05;65,65;65,623;11809;774945,4;55;
2016-07-11;65,00;65,15;64,70;65,50;64,70;65,05;65,233;6351;414297;36;
2016-07-08;64,75;64,85;64,35;65,20;63,45;64,55;64,868;9282;602101,15;46;
2016-07-07;62,45;62,95;63,00;65,20;62,55;65,20;63,705;20849;1328177;81;
2016-07-06;62,00;62,30;63,00;63,30;62,15;62,25;62,70;9850;617594,55;47;
2016-07-05;62,75;63,30;63,85;63,85;62,35;63,10;62,945;3412;214768,05;30;
2016-07-04;63,40;63,85;63,95;64,90;63,00;63,85;63,864;36045;2301971,05;68;
2016-07-01;63,60;64,80;63,60;65,00;63,00;64,45;63,762;14538;926971,6;81;
2016-06-30;63,40;64,05;63,00;66,10;62,45;62,45;63,657;26636;1695574;97;
2016-06-29;63,05;63,50;62,90;63,70;61,95;63,25;62,743;10491;658235,3;56;
2016-06-28;61,25;61,90;61,00;62,50;60,75;61,90;61,471;9767;600385,55;78;
2016-06-27;59,55;59,90;62,00;62,80;58,95;59,85;61,058;71968;4394196,6;249;
2016-06-23;64,30;64,70;65,00;65,60;63,50;64,25;63,926;14683;938627,9;68;
2016-06-22;64,50;65,00;64,30;65,00;63,75;64,95;64,435;9474;610455,6;59;
2016-06-21;64,65;64,90;64,95;65,75;64,15;64,80;64,787;15470;1002250;81;
2016-06-20;63,90;64,50;63,00;64,95;63,00;64,50;63,677;19917;1268246,7;80;
2016-06-17;63,05;63,60;63,65;63,75;62,00;63,10;62,83;29961;1882450,15;113;
2016-06-16;63,70;64,05;64,40;64,75;63,55;63,65;63,927;42704;2729939,55;140;
2016-06-15;64,80;65,35;60,70;65,40;60,60;64,75;63,20;60428;3819021,3;165;
2016-06-14;60,85;61,35;62,00;62,35;60,50;60,90;61,396;23365;1434486,15;128;
2016-06-13;62,40;62,80;63,80;63,80;62,00;62,50;62,41;48025;2997227,65;133;
2016-06-10;63,65;64,00;65,10;65,10;63,65;63,75;64,466;15018;968152,05;96;
2016-06-09;64,75;65,10;65,00;65,40;64,55;65,05;64,952;13293;863405,8;69;
2016-06-08;64,75;65,00;65,35;65,55;64,70;64,85;65,227;10434;680579,95;50;
2016-06-07;65,30;65,75;66,95;66,95;65,15;65,35;66,189;66548;4404731,05;189;
2016-06-03;65,15;65,50;66,65;66,65;65,00;65,15;65,868;23979;1579446,3;110;
2016-06-02;66,10;66,30;64,50;66,60;64,00;65,90;65,55;60808;3985965,35;221;
2016-06-01;64,80;64,85;66,15;66,15;64,40;64,85;64,97;78796;5119390,55;282;
2016-05-31;67,15;67,70;68,00;68,00;65,20;65,20;66,00;158716;10475261,3;216;
2016-05-30;67,95;68,25;67,35;68,25;66,85;67,95;67,586;68996;4663157,55;282;
2016-05-27;66,40;66,85;67,65;67,65;66,30;66,90;66,702;94675;6314979,7;431;
2016-05-26;66,60;67,05;66,75;67,80;66,35;67,30;67,237;86419;5810075,75;449;
2016-05-25;66,40;66,70;65,90;66,75;65,65;66,40;66,227;33213;2199596,5;177;
2016-05-24;65,50;65,85;65,00;65,90;65,00;65,80;65,429;10479;685629,2;41;
2016-05-23;65,00;65,50;64,90;65,65;64,35;65,05;64,923;13693;888988,55;70;
2016-05-20;64,80;65,40;64,70;65,40;64,15;65,40;64,576;9136;589964,35;40;
2016-05-19;64,25;64,35;65,35;65,35;64,15;64,30;64,653;10994;710790,15;42;
2016-05-18;64,85;65,45;64,65;65,35;64,50;65,35;64,759;6894;446448,1;34;
2016-05-17;63,95;64,10;65,00;65,30;63,95;63,95;64,887;14144;917845,6;75;
2016-05-16;64,50;64,90;63,50;64,95;62,70;64,45;64,057;47069;3015115,05;110;
2016-05-13;63,10;63,40;62,20;63,95;62,00;63,40;62,974;56131;3534769,3;123;
2016-05-12;62,20;62,40;63,05;65,75;62,00;62,40;63,716;254904;16241531,2;1101;
2016-05-11;62,55;63,15;64,40;64,40;62,50;62,55;63,179;32784;2071255,5;196;
2016-05-10;63,15;63,65;65,35;65,35;62,95;63,20;64,339;22297;1434560,05;120;
2016-05-09;64,05;64,65;64,60;65,35;63,55;64,05;64,492;42072;2713311,75;165;
2016-05-06;63,00;63,40;63,50;63,65;62,30;63,40;63,096;15209;959626,3;76;
2016-05-04;63,30;63,50;63,80;63,80;63,05;63,30;63,447;5702;361777,1;37;
2016-05-03;63,50;63,80;65,05;65,30;63,30;63,80;63,995;65942;4219923,6;206;
2016-05-02;65,45;66,05;66,65;67,95;65,00;65,50;66,015;23832;1573266,8;116;
2016-04-29;66,05;66,20;67,55;67,55;66,00;66,20;66,781;24861;1660250,4;108;
2016-04-28;67,50;67,90;67,80;67,95;66,50;67,50;67,116;22760;1527553,5;97;
2016-04-27;67,25;67,50;68,90;68,95;67,15;67,15;68,003;32088;2182094,2;139;
2016-04-26;67,35;67,80;67,05;68,50;67,05;67,80;67,791;66453;4504912,3;250;
2016-04-25;67,10;67,65;69,30;69,30;66,85;66,85;67,85;44479;3017908,95;268;
2016-04-22;68,15;68,60;68,85;69,45;67,55;68,15;68,299;203863;13923679,7;384;
2016-04-21;68,00;68,45;72,60;74,00;68,00;68,00;71,051;271211;19269730,65;1028;
2016-04-20;77,00;77,20;76,00;77,00;76,00;77,00;76,288;17149;1308268,45;49;
2016-04-19;76,15;76,55;75,35;77,00;75,35;76,00;76,438;4933;377067,4;40;
2016-04-18;75,35;75,75;75,70;76,00;75,30;75,35;75,652;5500;416083,1;42;
2016-04-15;75,85;76,50;76,45;76,85;75,20;75,85;75,708;56603;4285304,55;85;
2016-04-14;76,75;76,90;76,95;77,90;76,50;77,20;77,018;40641;3130078,8;98;
2016-04-13;79,65;80,35;78,85;80,80;78,85;80,50;80,118;57586;4613695,65;143;
2016-04-12;78,10;78,95;79,90;79,90;78,00;78,15;78,658;13362;1051024,55;51;
2016-04-11;79,35;79,90;79,40;80,30;79,10;79,45;79,823;25157;2008109,7;50;
2016-04-08;79,00;79,40;79,00;79,50;78,50;79,40;79,03;7829;618725,3;38;
2016-04-07;77,70;78,50;78,95;78,95;77,65;77,65;78,29;11687;914978;56;
2016-04-06;78,05;78,60;78,20;78,30;77,00;77,90;77,48;12002;929910,8;53;
2016-04-05;77,55;78,00;79,05;79,10;77,40;77,40;78,25;12525;980085,45;63;
2016-04-04;79,25;79,80;79,30;79,95;78,25;79,80;79,035;6396;505509,55;39;
2016-04-01;79,30;79,85;78,50;79,90;78,15;79,45;79,043;6023;476072,9;47;
2016-03-31;78,85;79,55;79,00;79,90;78,50;79,40;79,114;17874;1414077,3;64;
2016-03-30;79,20;79,90;78,00;80,00;78,00;79,25;78,649;27901;2194382,25;86;
2016-03-29;77,40;77,85;77,40;78,00;76,60;77,40;77,537;10553;818244,6;38;
2016-03-24;75,85;77,15;77,45;77,45;75,75;75,75;76,126;14277;1086849;63;
2016-03-23;77,25;77,80;78,30;78,30;77,20;77,80;77,934;8779;684177,95;36;
2016-03-22;77,20;77,65;78,70;78,70;76,45;77,65;77,016;10625;818294;55;
2016-03-21;77,20;77,75;77,50;78,55;77,10;77,75;77,958;9315;726181,75;54;
2016-03-18;77,55;78,00;77,75;77,95;76,80;77,75;77,315;48156;3723170,2;94;
2016-03-17;76,70;77,35;78,60;78,60;76,00;76,05;76,356;10720;818533,5;44;
2016-03-16;77,40;78,05;78,50;78,80;77,10;77,35;77,624;9171;711889,95;42;
2016-03-15;76,80;77,40;77,25;77,55;76,80;77,35;77,02;7832;603216,4;42;
2016-03-14;77,60;78,00;78,00;78,30;77,05;77,45;77,754;13892;1080151,5;54;
2016-03-11;76,70;77,05;76,55;77,45;76,30;76,90;76,90;6928;532762,9;31;
2016-03-10;75,40;76,10;77,35;77,35;75,60;75,70;76,868;10103;776600,05;47;
2016-03-09;76,30;76,85;76,15;77,25;76,15;76,70;76,689;1764;135279,1;25;
2016-03-08;76,00;76,70;76,50;77,55;76,30;76,75;76,855;7813;600464,3;32;
2016-03-07;76,50;76,95;76,95;77,00;76,50;76,55;76,81;3941;302707,45;25;
2016-03-04;76,35;76,90;77,30;77,50;75,50;76,45;76,534;39790;3045305,75;77;
2016-03-03;76,20;76,95;77,00;77,30;76,80;77,00;76,962;3938;303099,5;26;
2016-03-02;76,45;77,00;77,30;77,80;76,40;76,40;77,315;11880;918500,65;63;
2016-03-01;77,00;77,30;77,15;77,30;76,35;77,30;76,961;26450;2035619,8;62;
2016-02-29;76,30;76,90;76,05;76,95;75,60;76,75;76,421;12420;949143,05;59;
2016-02-26;76,00;76,60;77,00;77,95;76,00;76,00;77,095;16090;1240453,9;66;
2016-02-25;76,00;76,50;75,20;76,35;75,20;76,35;75,984;13515;1026925,95;89;
2016-02-24;74,50;75,35;76,50;76,50;74,60;74,60;75,624;7568;572322,95;42;
2016-02-23;75,50;76,15;76,50;76,70;75,50;75,80;76,198;16661;1269528,35;61;
2016-02-22;76,40;76,80;75,70;77,10;75,70;76,45;76,455;10734;820671,3;56;
2016-02-19;75,15;75,85;75,95;76,00;75,05;75,10;75,503;6705;506245,85;33;
2016-02-18;75,10;75,70;75,45;76,75;75,35;75,95;76,088;17281;1314876,35;67;
2016-02-17;74,85;75,15;74,10;75,55;73,75;75,35;74,83;35729;2673587,35;97;
2016-02-16;73,75;74,10;74,35;74,75;73,95;74,10;74,575;19642;1464807,6;44;
2016-02-15;73,80;74,30;74,10;74,30;73,35;74,30;74,007;22066;1633036,75;61;
2016-02-12;72,10;72,85;70,10;72,70;70,10;72,10;71,862;9148;657396,55;41;
2016-02-11;70,40;71,00;71,85;71,85;70,25;70,50;70,617;15664;1106149,95;47;
2016-02-10;72,25;72,90;71,40;72,90;70,55;72,45;72,087;9205;663560,3;46;
2016-02-09;71,00;71,30;71,40;72,15;70,50;71,20;70,934;16144;1145157,75;78;
2016-02-08;71,45;72,25;73,50;74,35;71,40;71,40;71,963;24931;1794120,35;106;
2016-02-05;73,05;73,60;73,95;74,40;73,20;73,65;74,123;7231;535980,4;50;
2016-02-04;72,85;73,55;73,20;74,05;72,25;73,55;73,368;19222;1410251,55;84;
2016-02-03;72,05;72,75;73,50;74,00;71,65;72,20;73,055;39316;2872235;99;
2016-02-02;72,80;73,20;73,65;73,65;72,60;73,00;72,908;15237;1110892,7;70;
2016-02-01;73,15;73,65;73,80;75,00;72,95;73,65;73,327;24155;1772004,3;88;
2016-01-29;73,60;74,00;76,00;76,00;73,10;73,60;73,72;13841;1020355,3;85;
2016-01-28;73,75;73,85;76,25;76,25;73,00;73,55;74,321;112262;8343389,45;253;
2016-01-27;75,60;75,85;80,40;80,40;75,20;76,00;76,80;72809;5591740,65;295;
2016-01-26;79,00;79,50;78,00;79,60;77,50;79,00;78,773;36417;2868662,2;135;
2016-01-25;77,55;78,15;78,75;79,40;77,50;77,65;78,261;14459;1131578,7;74;
2016-01-22;77,80;78,40;74,85;78,30;74,85;78,30;76,466;24301;1858200,9;87;
2016-01-21;72,70;73,00;71,70;73,20;71,60;73,05;72,382;36575;2647369,5;104;
2016-01-20;72,65;73,30;74,00;74,00;71,65;72,30;72,761;39961;2907581,2;114;
2016-01-19;75,25;75,30;74,90;75,95;74,40;75,80;75,246;28514;2145572,85;88;
2016-01-18;73,60;74,00;73,00;74,90;73,00;73,65;73,973;15263;1129043,1;61;
2016-01-15;71,50;72,00;75,00;75,30;71,50;71,90;72,978;47948;3499124,35;151;
2016-01-14;75,60;76,35;76,00;76,20;75,00;76,20;75,701;12852;972912,8;46;
2016-01-13;76,75;77,60;76,80;77,60;76,20;76,80;77,053;17920;1380792,85;62;
2016-01-12;76,45;76,65;76,90;77,10;76,15;76,20;76,725;12459;955921,8;68;
2016-01-11;76,00;76,35;74,85;76,75;74,85;76,15;76,19;18739;1427725,75;83;
2016-01-08;75,70;75,85;75,80;77,10;75,70;75,70;76,316;10709;817270,25;40;
2016-01-07;75,40;75,90;76,45;76,45;73,50;75,85;74,367;45826;3407949,05;158;
2016-01-05;77,45;77,70;78,15;79,00;77,00;77,65;77,793;3304;257027,25;24;
2016-01-04;76,75;77,35;79,00;79,00;76,35;76,75;77,686;28759;2234169,6;114;
2015-12-30;79,40;79,70;79,95;80,10;79,05;79,35;79,785;24763;1975702,65;87;
2015-12-29;79,25;79,60;78,80;79,80;78,80;79,50;79,296;18114;1436365,35;68;
2015-12-28;78,65;79,00;79,20;79,80;78,40;78,70;79,162;18161;1437659,15;70;
2015-12-23;79,20;79,85;78,45;79,90;78,45;79,50;79,099;22857;1807954,1;57;
2015-12-22;77,80;78,30;79,00;79,60;77,85;78,25;78,788;27038;2130265,8;89;
2015-12-21;78,45;79,15;78,45;81,05;78,45;79,00;79,868;61715;4929058,4;213;
2015-12-18;75,60;75,70;75,60;76,40;75,25;75,80;75,951;23065;1751813,85;85;
2015-12-17;75,75;76,45;77,00;77,10;76,10;76,10;76,757;13687;1050570,75;45;
2015-12-16;75,30;76,00;74,50;76,60;74,30;75,35;75,711;10891;824568,65;66;
2015-12-15;74,20;74,60;73,00;74,65;73,00;74,25;74,168;17475;1296090,5;80;
2015-12-14;73,30;73,40;75,25;75,35;73,30;73,30;74,072;24262;1797138,7;96;
2015-12-11;74,65;75,05;77,05;77,05;74,40;74,65;75,066;29465;2211823,4;138;
2015-12-10;75,60;75,95;76,15;76,25;75,50;75,65;75,82;21798;1652727,1;74;
2015-12-09;76,20;76,35;78,60;78,60;75,60;76,05;76,781;38893;2986225,05;130;
2015-12-08;77,20;77,50;79,20;79,25;77,00;77,25;77,747;29610;2302101;104;
2015-12-07;79,15;79,55;79,45;79,80;78,35;79,20;79,378;21638;1717589,65;86;
2015-12-04;78,05;78,75;80,05;80,20;77,40;77,85;78,167;71621;5598410,35;192;
2015-12-03;80,25;80,50;80,60;82,05;80,20;80,20;81,344;20843;1695451,65;90;
2015-12-02;81,00;81,50;79,35;81,30;79,35;81,00;80,838;24331;1966874,7;128;
2015-12-01;79,30;79,85;81,20;81,20;79,35;79,35;80,388;23033;1851575,3;91;
2015-11-30;81,25;81,45;81,00;81,75;80,30;80,85;81,125;33654;2730179;156;
2015-11-27;80,40;80,80;80,60;80,95;80,35;80,40;80,628;16499;1330274,05;68;
2015-11-26;80,35;80,85;79,40;80,80;79,25;80,40;79,953;23548;1882761,45;97;
2015-11-25;79,40;79,60;79,15;79,65;78,60;79,40;79,219;20456;1620511,6;96;
2015-11-24;79,00;79,50;79,95;79,95;78,80;78,80;79,384;20545;1630942,55;82;
2015-11-23;79,80;79,95;80,00;80,40;79,35;79,55;79,771;33900;2704239,75;106;
2015-11-20;79,05;79,30;79,20;79,95;79,05;79,10;79,435;11381;904047,15;63;
2015-11-19;78,60;79,20;80,20;80,20;78,35;79,25;79,567;57801;4599023,35;175;
2015-11-18;79,50;79,80;80,00;80,50;79,65;79,80;79,968;87476;6995242,3;183;
2015-11-17;79,55;80,10;79,00;80,05;79,00;79,55;79,543;30531;2428528,25;94;
2015-11-16;79,00;79,20;76,00;79,35;76,00;79,05;77,861;57239;4456678,35;202;
2015-11-13;74,85;75,20;76,00;76,10;74,80;74,90;75,49;28654;2163098,2;119;
2015-11-12;76,10;76,60;77,70;77,70;76,10;76,10;77,222;26167;2020655,45;98;
2015-11-11;77,75;78,00;78,00;78,40;77,40;77,75;77,927;28001;2182044,03;150;
2015-11-10;77,70;78,10;82,00;82,00;77,50;77,70;78,752;64357;5068263,35;370;
2015-11-09;82,00;82,05;80,70;83,70;80,70;82,05;82,266;33664;2769414;118;
2015-11-06;80,45;80,90;80,20;81,10;79,70;80,50;80,339;30420;2443903,5;135;
2015-11-05;80,25;80,60;81,30;81,30;80,25;80,25;80,784;7977;644414,25;50;
2015-11-04;80,90;81,50;79,30;82,45;79,30;80,95;81,321;34716;2823141,3;161;
2015-11-03;78,95;79,20;78,50;79,50;77,95;79,00;78,973;73032;5767554,45;92;
2015-11-02;77,75;77,90;77,30;78,50;76,75;77,75;77,915;11592;903190,7;73;
2015-10-30;77,80;78,20;78,10;78,75;77,80;77,85;78,116;1799;140530,95;22;
2015-10-29;77,10;77,15;76,50;78,25;76,50;77,10;77,321;24601;1902184,4;80;
2015-10-28;76,25;76,35;76,25;76,35;75,70;76,35;76,082;15137;1151648,3;62;
2015-10-27;75,60;76,25;77,80;77,80;75,90;76,25;76,962;11701;900530,7;69;
2015-10-26;77,30;77,85;78,20;78,75;76,20;77,50;77,613;13253;1028603,75;89;
2015-10-23;77,30;78,00;79,85;79,85;76,00;78,00;77,676;40254;3126764,55;220;
2015-10-22;81,85;82,10;80,65;82,20;80,00;81,85;81,253;6026;489628,35;33;
2015-10-21;80,65;80,95;80,05;81,00;80,00;80,65;80,36;4992;401156,25;25;
2015-10-20;79,90;80,80;79,00;81,00;79,00;79,90;80,181;5896;472749,75;34;
2015-10-19;80,05;80,65;80,75;81,70;80,00;80,15;80,527;4908;395224,5;39;
2015-10-16;80,75;81,45;81,70;81,70;80,25;80,80;80,895;7327;592718,65;41;
2015-10-15;80,80;81,05;79,80;80,80;79,20;80,80;80,108;4526;362569,65;34;
2015-10-14;77,80;78,50;79,00;79,05;77,80;77,80;78,475;15274;1198620,65;47;
2015-10-13;79,00;79,20;81,55;81,55;79,00;79,00;79,862;5897;470946,35;40;
2015-10-12;80,50;80,75;80,50;81,80;80,40;80,50;80,838;2814;227478,9;29;
2015-10-09;80,50;81,00;81,00;81,60;80,45;81,00;81,005;11794;955371,3;44;
2015-10-08;80,25;80,50;79,80;80,70;79,70;80,25;80,067;11853;949038,55;40;
2015-10-07;79,20;79,85;80,00;80,75;79,05;79,25;80,058;27122;2171328,65;105;
2015-10-06;78,90;79,55;76,20;79,85;76,20;78,90;79,176;14777;1169975,75;69;
2015-10-05;78,45;78,75;76,10;78,95;76,10;78,45;77,604;17955;1393382,25;76;
2015-10-02;75,85;75,95;76,55;77,05;74,60;75,85;75,928;32311;2453302,2;59;
2015-10-01;75,25;75,50;76,15;77,45;75,15;75,15;76,544;19148;1465671,15;65;
2015-09-30;75,80;75,85;73,85;76,35;73,85;75,85;75,689;58676;4441133,65;264;
2015-09-29;73,00;73,60;72,00;73,85;72,00;73,00;73,292;83771;6139714,55;277;
2015-09-28;73,05;73,50;75,05;75,05;72,50;73,05;73,857;49572;3661224,85;187;
2015-09-25;75,15;75,30;73,95;75,70;73,95;75,15;75,21;31509;2369789,1;154;
2015-09-24;72,80;73,30;74,00;74,80;72,55;72,80;73,445;23146;1699956,5;183;
2015-09-23;73,70;74,25;73,80;74,30;73,10;73,70;73,726;17238;1270896,25;146;
2015-09-22;73,75;74,20;75,00;75,00;73,10;73,75;73,80;17453;1288038,3;153;
2015-09-21;74,00;74,50;74,20;74,45;73,05;74,00;73,489;29970;2202469,3;160;
2015-09-18;74,05;74,20;76,75;76,75;73,80;74,20;74,532;23675;1764533,1;177;
2015-09-17;76,10;76,75;76,35;76,70;76,00;76,25;76,244;10756;820081,5;86;
2015-09-16;75,80;76,30;75,60;76,80;75,60;75,95;76,581;35329;2705512,15;83;
2015-09-15;75,60;76,05;77,00;77,00;75,00;75,60;75,548;23750;1794261,6;176;
2015-09-14;76,35;76,40;77,00;77,00;75,90;76,35;76,29;19136;1459891,45;190;
2015-09-11;76,95;77,35;78,35;78,35;76,95;77,00;77,408;16843;1303789,9;144;
2015-09-10;77,55;78,25;78,05;78,55;77,50;78,10;78,028;13921;1086222,35;69;
2015-09-09;78,05;78,70;79,00;79,60;77,75;78,05;78,542;195657;15367250,65;260;
2015-09-08;77,30;77,95;77,10;78,50;77,10;77,30;77,668;15010;1165801,75;180;
2015-09-07;76,85;76,95;76,15;77,40;76,15;76,85;76,738;9058;695094,4;49;
2015-09-04;76,30;76,95;79,00;79,00;76,35;76,35;77,633;14138;1097576,55;60;
2015-09-03;78,45;78,70;77,40;79,25;76,95;78,45;77,894;19223;1497361,6;88;
2015-09-02;76,35;76,40;76,45;77,65;75,90;76,40;76,599;6373;488167,65;38;
2015-09-01;76,20;76,75;77,45;77,45;75,95;76,25;76,641;16258;1246033,85;93;
2015-08-31;75,80;78,30;78,85;78,85;75,80;75,80;76,906;12248;941949,55;58;
2015-08-28;78,60;79,50;80,20;80,20;78,10;78,60;79,034;11807;933152,5;65;
2015-08-27;79,15;79,50;78,25;80,00;78,25;79,45;79,105;15348;1214107,2;94;
2015-08-26;76,55;76,65;77,50;79,15;75,85;76,55;77,531;8710;675297,6;89;
2015-08-25;76,60;77,45;74,10;78,30;74,10;77,45;76,71;29829;2288192,1;173;
2015-08-24;75,00;75,20;77,80;77,80;73,60;75,00;75,753;52687;3991211;231;
2015-08-21;78,55;79,10;79,50;79,90;78,55;78,55;79,239;26938;2134536,35;170;
2015-08-20;80,00;80,70;83,00;83,00;80,05;80,05;81,27;8228;668692;50;
2015-08-19;82,30;82,80;85,10;85,10;82,30;82,30;83,297;14677;1222543,7;56;
2015-08-18;84,70;85,00;84,10;85,20;83,75;84,75;84,647;10830;916722,8;61;
2015-08-17;83,85;84,50;83,85;84,35;83,45;84,35;83,832;4549;381352,5;28;
2015-08-14;83,45;84,05;84,35;84,35;83,45;83,45;84,098;3702;311331,3;24;
2015-08-13;83,75;84,55;82,35;84,50;82,35;84,30;84,011;1667;140047,05;19;
2015-08-12;82,20;82,30;84,90;84,90;82,10;82,30;83,676;40922;3424206,75;137;
2015-08-11;84,50;84,90;86,20;86,20;84,50;84,75;84,987;8326;707599,55;45;
2015-08-10;86,20;86,90;85,30;86,50;84,10;86,50;85,19;15636;1332031,8;58;
2015-08-07;84,80;85,30;85,80;85,80;84,60;84,80;85,091;10059;855927,45;47;
2015-08-06;85,80;85,85;86,80;86,80;85,65;85,80;85,957;12573;1080735,25;66;
2015-08-05;86,20;86,80;85,25;86,70;85,25;86,20;85,994;2189;188240;26;
2015-08-04;85,40;86,00;86,80;86,80;85,45;85,45;85,972;5938;510498,85;27;
2015-08-03;86,10;86,80;85,15;86,80;85,15;86,50;86,031;5188;446330,9;36;
2015-07-31;86,80;87,40;86,60;87,45;86,15;86,80;86,882;6306;547878,35;45;
2015-07-30;86,30;86,85;85,00;87,60;85,00;86,30;86,759;6555;568704,55;46;
2015-07-29;85,60;86,00;86,30;86,35;85,30;85,60;85,592;7302;624992,15;42;
2015-07-28;85,10;85,80;86,00;86,60;85,55;85,55;86,104;3655;314709,9;37;
2015-07-27;86,35;88,50;88,40;88,40;86,25;86,35;87,292;13443;1173464,5;64;
2015-07-24;87,25;88,05;87,90;89,35;87,50;87,50;88,593;4942;437826,35;34;
2015-07-23;87,55;87,60;89,00;89,00;87,00;88,00;88,267;8509;751067,05;40;
2015-07-22;87,85;88,75;90,20;90,20;85,00;88,25;88,288;27698;2445391,7;104;
2015-07-21;89,15;89,80;89,20;90,20;89,00;89,50;89,583;27485;2462181,1;64;
2015-07-20;89,30;90,00;88,80;90,30;88,80;89,30;89,498;18516;1657144,8;84;
2015-07-17;88,40;88,75;88,60;91,00;88,40;88,40;89,804;47557;4270805,85;188;
2015-07-16;84,70;85,50;83,95;85,70;83,90;85,50;84,902;10268;871776,95;53;
2015-07-15;83,00;83,05;86,00;86,00;83,00;83,30;83,691;12209;1021778,95;60;
2015-07-14;84,25;84,65;85,45;85,45;83,85;84,25;84,294;22179;1869561,2;76;
2015-07-13;84,75;85,20;83,05;85,75;83,05;84,75;84,965;14730;1251540,05;73;
2015-07-10;84,20;85,00;82,40;85,20;82,40;84,20;84,526;31492;2661892,325;119;
2015-07-09;81,65;82,40;81,15;82,60;80,90;81,95;81,959;14997;1229133,85;51;
2015-07-08;80,40;81,15;80,90;81,45;79,50;80,40;80,314;10777;865544,35;39;
2015-07-07;79,50;81,45;82,00;82,00;80,25;80,35;81,134;6333;513819,7;40;
2015-07-06;80,45;81,25;81,00;81,30;80,00;81,30;80,466;20308;1634099,7;84;
2015-07-03;81,65;83,00;82,50;82,95;81,40;81,65;82,206;10326;848859,35;43;
2015-07-02;82,35;82,75;82,80;82,85;81,70;82,35;82,516;11581;955618,3;48;
2015-07-01;82,30;83,00;81,00;83,40;80,50;83,00;81,845;9066;742005,25;71;
2015-06-30;80,55;80,95;82,00;82,55;80,05;81,00;80,884;45579;3686589,55;159;
2015-06-29;82,40;82,80;84,00;84,55;81,00;82,30;83,344;50391;4199761,7;195;
2015-06-26;84,55;84,65;84,50;86,00;84,50;84,85;85,164;8917;759407,4;54;
2015-06-25;84,75;84,90;85,10;86,10;84,50;85,15;85,297;14172;1208829,8;59;
2015-06-24;85,25;85,75;86,95;87,75;85,25;85,25;86,414;12453;1076108,7;71;
2015-06-23;86,95;87,40;84,75;88,05;84,75;86,95;86,237;16919;1459039,25;66;
2015-06-22;84,75;85,20;85,00;85,65;84,50;84,75;85,092;12684;1079302,6;85;
2015-06-18;83,15;83,95;84,80;84,80;82,80;83,85;83,589;7339;613458,15;69;
2015-06-17;84,80;85,35;86,20;86,20;84,45;85,10;85,147;18760;1597361,9;51;
2015-06-16;85,10;85,85;84,00;86,00;83,85;85,70;84,838;13801;1170853,95;63;
2015-06-15;84,20;84,70;86,00;86,00;84,00;84,20;84,735;18829;1595481,95;104;
2015-06-12;86,55;87,20;87,00;87,85;86,65;86,95;87,17;13813;1204083,65;36;
2015-06-11;86,50;86,80;88,00;88,00;86,30;86,80;86,955;60569;5266745,85;114;
2015-06-10;87,35;88,15;87,25;88,20;86,40;87,35;87,173;10409;907387,35;46;
2015-06-09;86,75;87,25;86,90;87,20;86,05;86,75;86,626;19820;1716920,1;105;
2015-06-08;87,00;87,05;89,20;89,55;86,75;87,00;87,551;45354;3970792,95;366;
2015-06-05;89,15;89,75;89,25;89,55;87,50;89,20;88,74;25609;2272547,65;105;
2015-06-04;89,40;90,00;88,30;91,00;88,30;89,40;89,569;89818;8044917,4;184;
2015-06-03;87,65;88,50;89,50;89,50;87,65;87,65;88,521;9718;860246,5;50;
2015-06-02;88,90;89,50;89,80;89,80;88,10;89,50;88,886;6640;590202,5;51;
2015-06-01;89,35;89,95;89,40;90,05;89,35;89,35;89,483;7913;708077,7;49;
2015-05-29;89,35;90,05;91,50;91,50;88,80;89,35;89,81;36966;3319899,8;162;
2015-05-28;91,15;91,45;89,50;91,70;89,50;91,45;90,426;15729;1422315,2;93;
2015-05-27;88,75;89,10;88,10;89,20;88,10;89,20;88,894;5190;461361,1;22;
2015-05-26;88,05;88,80;89,45;89,60;88,10;88,10;89,059;11863;1056506,95;57;
2015-05-25;89,25;89,95;89,00;89,50;88,00;89,50;88,843;14905;1324209,3;75;
2015-05-22;88,00;88,45;88,40;88,80;88,00;88,00;88,351;9437;833764,25;47;
2015-05-21;88,50;89,15;89,40;89,50;87,50;88,50;88,696;29203;2590173,9;86;
2015-05-20;88,65;89,55;89,25;89,55;88,35;89,50;89,004;7046;627121,3;46;
2015-05-19;88,30;89,25;88,55;89,25;88,25;89,25;88,658;22107;1959964,5;87;
2015-05-18;88,55;89,35;89,00;89,85;88,70;89,35;89,072;13379;1191686,75;57;
2015-05-15;89,00;89,50;89,05;90,90;88,90;89,20;89,66;15182;1361615,05;75;
2015-05-13;88,25;89,05;87,40;89,20;87,40;89,05;88,67;8411;745804,35;51;
2015-05-12;87,60;88,50;89,20;89,20;86,75;87,65;87,93;20815;1830255,1;91;
2015-05-11;89,20;89,65;91,00;91,00;88,60;89,20;89,395;23462;2097375,4;97;
2015-05-08;89,40;90,00;89,70;91,00;88,05;90,00;89,235;36907;3293397,1;168;
2015-05-07;86,10;86,90;85,30;86,75;84,35;86,10;85,198;63808;5436297,7;210;
2015-05-06;85,30;86,10;86,60;87,80;85,30;85,30;86,802;22500;1953053,15;128;
2015-05-05;86,30;86,60;87,50;89,15;85,80;86,60;87,346;58370;5098355,3;248;
2015-05-04;87,15;87,70;88,00;88,35;87,00;87,20;87,686;25351;2222919,3;146;
2015-04-30;87,65;88,10;89,60;89,60;87,65;87,65;88,438;18139;1604167,9;83;
2015-04-29;89,70;90,30;91,75;93,00;89,55;90,30;90,542;35649;3227714,2;160;
2015-04-28;91,75;92,50;93,80;93,80;91,65;91,75;92,618;31497;2917199,35;154;
2015-04-27;93,80;93,90;94,00;94,50;93,00;93,85;93,884;42697;4008557,8;229;
2015-04-24;94,00;94,20;95,90;96,50;94,05;94,15;95,296;42155;4017206,65;203;
2015-04-23;95,05;95,30;98,00;99,00;92,15;95,05;93,789;457349;42894060,35;828;
2015-04-22;103,00;103,60;103,50;104,90;102,20;103,50;102,806;14530;1493774,4;78;
2015-04-21;103,60;104,40;100,00;104,60;100,00;103,60;103,784;19901;2065409,7;88;
2015-04-20;101,30;102,20;100,30;102,20;100,00;102,20;101,004;6143;620465,3;45;
2015-04-17;99,90;100,20;104,00;104,00;99,90;99,90;101,182;8657;875932,6;49;
2015-04-16;102,20;102,70;104,30;104,30;102,20;102,20;102,774;15725;1616118,8;57;
2015-04-15;104,00;104,80;103,50;109,00;103,50;104,00;105,34;11635;1225625,9;80;
2015-04-14;107,50;108,00;107,10;111,30;106,90;107,50;108,658;34121;3707511,9;134;
2015-04-13;106,50;107,10;106,10;107,10;106,10;107,10;106,521;19442;2070980,7;99;
2015-04-10;106,10;107,00;104,80;106,90;104,80;106,80;105,546;22925;2419650,4;87;
2015-04-09;105,50;106,00;103,80;106,00;103,80;106,00;104,935;7010;735593,5;47;
2015-04-08;103,70;103,80;103,60;104,60;103,00;103,80;103,856;5430;563939,5;43;
2015-04-07;104,50;105,10;104,00;105,30;102,80;104,90;103,866;18443;1915604,3;78;
2015-04-02;102,40;102,90;101,00;103,00;101,00;102,40;102,459;5659;579816;33;
2015-04-01;101,60;102,60;101,30;103,00;100,50;102,60;102,282;10193;1042563,3;53;
2015-03-31;101,40;101,60;102,50;103,00;101,50;101,60;102,212;15979;1633245,8;66;
2015-03-30;101,90;102,40;102,70;103,40;101,80;101,90;102,393;13638;1396428,3;64;
2015-03-27;102,30;102,70;103,50;104,00;102,00;102,30;102,939;6434;662310,8;38;
2015-03-26;102,40;103,50;102,80;103,50;98,40;103,50;101,733;18698;1902202;77;
2015-03-25;102,70;103,60;104,90;104,90;102,80;102,80;103,567;3642;377190,2;25;
2015-03-24;103,90;104,00;103,60;105,00;103,60;104,00;104,321;5677;592229,2;29;
2015-03-23;103,60;103,90;107,10;107,10;103,90;104,00;105,336;4197;442094,6;33;
2015-03-20;105,60;105,90;105,40;105,90;104,90;105,60;105,36;11150;1174769;57;
2015-03-19;105,70;106,30;105,40;106,30;105,40;106,20;105,881;16903;1789706,2;63;
2015-03-18;105,90;106,30;105,10;106,70;103,30;106,00;104,995;26954;2830043,5;105;
2015-03-17;103,60;104,20;104,70;105,00;103,40;103,80;104,584;10280;1075122,1;47;
2015-03-16;104,00;104,80;103,50;104,70;103,50;104,70;103,995;13078;1360039,5;76;
2015-03-13;102,70;103,50;102,70;103,40;101,60;103,40;101,919;549086;55962443,7;84;
2015-03-12;102,40;102,70;101,50;102,40;100,10;102,40;101,195;16363;1655855,6;102;
2015-03-11;101,00;101,90;98,30;101,50;98,30;101,50;100,389;31621;3174390,1;96;
2015-03-10;98,40;98,55;100,20;100,90;98,40;98,40;99,658;29911;2980883;153;
2015-03-09;99,60;99,65;99,00;101,30;99,00;100,00;100,36;14011;1406146,55;41;
2015-03-06;99,90;100,90;99,30;101,30;99,30;100,80;100,262;13199;1323352,55;73;
2015-03-05;101,00;101,60;101,30;102,40;101,00;101,00;101,591;50939;5174919,3;52;
2015-03-04;100,60;101,30;98,00;101,50;98,00;101,20;100,173;12766;1278804,95;78;
2015-03-03;100,50;100,60;101,20;102,80;100,20;100,50;102,018;258576;25957656,9;84;
2015-03-02;102,00;102,30;102,60;102,90;101,30;102,30;102,15;44466;4542212,2;122;
2015-02-27;102,10;104,90;101,90;104,90;100,70;104,90;103,595;47418;4912274,1;113;
2015-02-26;101,90;102,50;101,00;102,50;100,00;101,90;101,169;10595;1071884,7;59;
2015-02-25;101,30;102,10;103,00;103,30;101,30;101,30;102,24;10806;1104804;60;
2015-02-24;103,00;103,50;102,80;103,00;101,70;103,00;102,499;13557;1389575;60;
2015-02-23;102,70;102,90;102,90;103,20;102,20;102,70;102,689;16272;1670954,9;93;
2015-02-20;102,10;102,90;103,70;103,80;101,80;102,20;103,068;11736;1209607,2;50;
2015-02-19;103,80;104,20;102,30;104,50;102,20;103,80;103,183;23346;2408904;96;
2015-02-18;102,30;102,70;101,40;102,80;101,40;102,80;102,061;16072;1640324,5;38;
2015-02-17;101,00;101,90;101,50;101,80;100,30;101,10;100,889;12517;1262823,5;73;
2015-02-16;101,80;102,30;101,60;102,90;101,50;102,50;102,071;5761;588030,3;47;
2015-02-13;101,70;102,70;102,50;103,50;101,60;102,30;102,334;12517;1280910,2;59;
2015-02-12;102,00;102,50;99,70;103,40;99,70;102,50;102,529;35279;3617106,9;114;
2015-02-11;99,35;100,70;97,40;100,70;97,40;100,70;99,715;6301;628304,35;37;
2015-02-10;98,65;98,90;96,75;99,00;96,70;99,00;98,115;18202;1785884,55;75;
2015-02-09;96,25;96,75;96,90;96,90;96,00;96,40;96,269;3688;355040,6;30;
2015-02-06;97,00;97,45;95,80;97,45;95,80;97,00;96,692;7438;719192,2;37;
2015-02-05;95,85;96,30;96,30;97,00;95,80;96,30;96,30;5634;542552,85;30;
2015-02-04;96,60;97,25;97,90;97,90;95,65;96,60;96,847;9137;884894,3;57;
2015-02-03;97,30;98,00;96,50;98,25;96,50;97,60;97,813;9021;882368,35;58;
2015-02-02;96,10;96,65;96,10;96,25;95,50;96,10;95,766;15316;1466754,8;76;
2015-01-30;96,05;96,95;98,00;98,55;96,55;97,00;97,863;15372;1504345,35;70;
2015-01-29;97,15;98,00;95,40;97,70;95,40;97,15;96,717;4303;416174,85;31;
2015-01-28;95,25;95,45;95,40;95,55;92,95;95,05;94,712;39962;3784861,2;182;
2015-01-27;93,50;93,80;96,50;99,00;93,50;93,50;95,623;36043;3446534,2;119;
2015-01-26;97,65;97,70;96,80;97,65;96,45;97,65;97,046;28080;2725040,05;85;
2015-01-23;96,95;97,35;96,00;97,55;95,15;97,25;96,147;19879;1911310,35;72;
2015-01-22;94,10;94,30;94,90;94,90;93,50;94,50;94,295;10232;964830,25;47;
2015-01-21;94,50;94,65;95,50;95,85;93,65;94,65;94,354;8213;774926,2;34;
2015-01-20;94,85;95,40;93,10;95,50;93,10;95,50;94,53;7343;694133,85;43;
2015-01-19;92,85;93,25;93,00;93,20;92,00;93,20;92,455;927;85706;14;
2015-01-16;92,20;93,25;93,90;93,90;91,45;93,25;92,245;4497;414824;33;
2015-01-15;91,70;93,60;91,85;94,00;90,00;94,00;92,182;6068;559359,7;32;
2015-01-14;91,35;91,90;91,55;92,45;91,00;91,85;91,689;9074;831981,8;40;
2015-01-13;91,90;92,15;93,45;93,50;91,75;92,25;92,493;15515;1435024,9;50;
2015-01-12;93,45;94,00;93,20;93,80;93,05;93,45;93,501;8924;834399,55;45;
2015-01-09;92,05;92,60;91,15;94,00;91,15;92,60;92,704;18268;1693511,6;60;
2015-01-08;93,00;93,60;89,90;93,85;89,70;93,25;91,771;13064;1198897,6;60;
2015-01-07;89,05;89,90;89,90;89,90;88,75;89,90;89,262;13458;1201284,75;66;
2015-01-05;89,90;90,30;90,00;90,35;89,75;90,30;90,147;2397;216083,25;23;
2015-01-02;89,50;90,25;90,25;90,30;89,20;90,10;89,902;6626;595689,65;41;
2014-12-30;88,25;89,75;91,75;91,75;88,25;88,25;89,587;15590;1396658,05;79;
2014-12-29;91,05;91,75;90,00;91,80;90,00;91,80;90,631;37651;3412341,25;133;
2014-12-23;89,50;90,15;89,20;90,00;89,20;89,75;89,64;7221;647287,25;42;
2014-12-22;88,95;89,50;89,00;89,50;88,45;89,50;89,025;14570;1297092,1;48;
2014-12-19;88,30;89,00;88,15;89,50;87,55;88,70;88,498;10600;938083,35;43;
2014-12-18;88,15;89,00;85,40;88,45;85,40;88,45;87,155;9007;785005,8;29;
2014-12-17;85,40;86,00;83,60;85,50;83,60;85,50;84,775;9629;816299,9;34;
2014-12-16;84,75;85,70;84,80;85,70;83,45;85,70;84,204;11558;973233,1;46;
2014-12-15;84,45;85,40;87,10;87,10;85,40;85,55;86,185;3694;318368,25;29;
2014-12-12;86,50;87,00;87,00;87,25;86,55;86,80;87,172;9373;817059,35;26;
2014-12-11;87,95;88,20;88,00;88,40;87,30;87,65;87,717;15162;1329971,2;39;
2014-12-10;88,05;88,65;87,50;88,65;87,50;88,65;88,109;6142;541168,05;27;
2014-12-09;86,70;87,55;88,80;88,85;87,00;87,55;87,923;5711;502130,65;32;
2014-12-08;89,35;89,55;89,10;89,75;89,10;89,55;89,451;3897;348588,65;25;
2014-12-05;89,00;89,30;89,70;89,70;88,90;89,00;89,22;11810;1053682,95;45;
2014-12-04;88,50;89,00;89,90;89,90;88,65;88,75;89,06;8889;791655,2;32;
2014-12-03;90,10;90,20;89,35;90,20;89,30;90,10;89,929;27073;2434656,3;75;
2014-12-02;89,40;89,60;88,90;89,85;88,90;89,40;89,142;10851;967277,15;40;
2014-12-01;88,50;89,00;88,70;89,45;88,30;89,20;89,062;19983;1779728;43;
2014-11-28;88,55;89,00;88,75;89,45;88,15;89,00;88,856;5127;455562,55;31;
2014-11-27;88,75;88,95;88,50;89,25;88,40;89,15;88,84;1295;115047,5;16;
2014-11-26;88,00;88,35;89,00;89,70;88,00;88,40;88,394;37513;3315903,8;78;
2014-11-25;88,85;89,40;88,00;89,85;88,00;89,35;89,324;17274;1542979,15;58;
2014-11-24;88,10;88,70;88,50;88,95;88,10;88,10;88,694;29619;2627027,25;67;
2014-11-21;88,35;89,20;87,00;89,30;87,00;89,20;88,606;33319;2952255,25;72;
2014-11-20;86,50;87,30;86,45;87,50;86,45;86,90;86,987;18905;1644490,75;30;
2014-11-19;86,25;86,30;85,10;86,60;85,10;86,50;86,335;14860;1282937,15;58;
2014-11-18;86,25;86,40;85,40;86,25;85,30;86,25;86,00;14415;1239683,8;49;
2014-11-17;84,45;85,30;83,05;85,45;83,05;85,20;84,929;7663;650811,2;47;
2014-11-14;84,20;84,65;85,10;85,10;84,20;84,65;84,57;18392;1555406,45;66;
2014-11-13;85,10;85,50;84,00;85,25;83,70;85,10;84,696;22966;1945137,65;49;
2014-11-12;82,20;83,00;83,20;83,75;82,70;82,90;83,18;3875;322321,45;27;
2014-11-11;83,05;83,45;81,50;83,55;81,50;83,20;82,829;20853;1727235,15;70;
2014-11-10;81,00;81,70;82,80;82,80;81,00;81,05;81,521;9096;741468,45;50;
2014-11-07;82,15;82,80;83,60;83,95;82,50;82,65;83,328;7959;663207,75;35;
2014-11-06;83,60;84,40;82,00;83,80;82,00;83,80;82,465;25082;2068394,1;46;
2014-11-05;81,80;82,35;82,00;82,10;81,75;82,00;81,95;3400;278628,35;20;
2014-11-04;81,70;82,00;82,30;82,30;81,15;81,70;81,641;22958;1874320,45;32;
2014-11-03;81,65;82,40;82,40;83,30;82,00;82,40;82,529;11728;967897,85;63;
2014-10-31;81,80;82,40;82,10;82,60;81,75;82,00;82,085;7011;575499,7;23;
2014-10-30;80,95;81,45;81,20;81,45;80,25;81,45;80,689;13893;1121008,5;39;
2014-10-29;80,30;80,35;79,65;80,55;79,65;80,55;79,963;25981;2077521,25;58;
2014-10-28;79,40;79,85;79,00;80,25;79,00;79,55;79,897;17026;1360322,3;48;
2014-10-27;79,10;79,55;79,65;80,25;78,25;79,10;79,127;26139;2068295,25;78;
2014-10-24;78,95;79,20;81,20;82,70;78,70;78,95;79,936;26344;2105827,4;114;
2014-10-23;81,75;82,10;79,50;82,90;79,50;81,95;81,78;13526;1106152,3;47;
2014-10-22;79,65;80,35;79,70;80,25;78,85;79,80;79,774;4554;363291,9;29;
2014-10-21;78,60;79,75;78,50;79,70;78,00;79,70;79,043;4527;357827,9;25;
2014-10-20;78,20;78,85;76,05;79,35;76,05;78,85;78,47;7108;557764,95;51;
2014-10-17;78,60;78,95;78,45;78,60;77,50;78,60;78,246;13875;1085664,15;40;
2014-10-16;77,90;78,80;77,00;80,20;77,00;78,75;78,453;20589;1615273,2;78;
2014-10-15;78,10;78,60;80,35;80,85;78,00;78,10;79,425;11715;930464,4;55;
2014-10-14;80,45;80,70;79,00;80,45;79,00;80,45;79,593;8364;665717,4;41;
2014-10-13;78,45;78,90;78,05;80,00;78,05;78,65;79,237;20088;1591704,85;33;
2014-10-10;79,45;80,15;80,95;80,95;79,00;79,45;79,789;26259;2095179,75;85;
2014-10-09;80,70;81,00;82,35;82,75;80,55;80,70;81,408;6302;513032,9;33;
2014-10-08;81,70;82,15;82,20;82,70;81,80;81,80;82,245;10973;902472,7;46;
2014-10-07;82,30;82,45;84,80;84,80;82,45;82,45;83,649;8994;752341,65;50;
2014-10-06;84,80;85,25;86,15;86,70;84,80;84,80;86,213;7194;620218,55;24;
2014-10-03;85,85;86,05;84,15;86,15;84,15;86,05;85,598;10176;871043,05;38;
2014-10-02;84,60;85,15;86,05;86,40;85,05;85,05;86,144;8512;733259,65;25;
2014-10-01;85,75;86,30;87,05;87,35;85,95;85,95;86,547;5211;450994,2;19;
2014-09-30;86,75;87,45;85,70;87,45;85,70;87,45;86,629;16647;1442140,3;45;
2014-09-29;85,75;86,30;86,30;86,85;85,60;85,90;86,309;7051;608565,85;36;
2014-09-26;85,90;86,70;87,75;87,75;85,90;85,90;86,42;4735;409197,25;22;
2014-09-25;86,15;86,70;86,40;87,75;86,40;86,70;87,10;1978;172283,75;12;
2014-09-24;86,60;86,75;86,60;87,15;86,25;86,60;86,687;4913;425893,8;37;
2014-09-23;87,20;87,50;89,00;89,00;87,60;87,70;88,368;7627;673981,5;27;
2014-09-22;88,50;89,00;85,00;89,45;85,00;89,10;89,059;4316;384380,2;26;
2014-09-19;86,00;88,00;89,50;89,95;88,00;88,00;89,263;20438;1824354,05;101;
2014-09-18;89,05;89,50;86,00;89,50;86,00;89,50;88,482;27879;2466793,95;80;
2014-09-17;85,95;86,35;86,10;86,55;86,05;86,35;86,347;12284;1060689,9;29;
2014-09-16;86,00;86,50;86,35;86,80;86,10;86,45;86,315;6899;595484,25;33;
2014-09-15;86,35;86,80;85,10;87,05;85,10;86,80;86,496;11676;1009926,1;38;
2014-09-12;86,00;86,70;86,05;87,00;86,05;86,55;86,503;17489;1512847,2;53;
2014-09-11;86,05;86,60;86,00;86,65;86,00;86,40;86,388;8955;773606,5;33;
2014-09-10;85,40;85,50;84,90;85,50;84,30;85,40;85,055;5614;477501;29;
2014-09-09;85,05;85,55;85,20;85,40;84,65;85,35;85,225;6397;545184;18;
2014-09-08;85,30;85,80;83,95;86,45;83,95;85,75;85,154;41544;3537649,05;114;
2014-09-05;84,05;84,45;83,50;84,45;83,40;84,45;84,126;21113;1776160,7;49;
2014-09-04;83,65;83,95;83,40;84,10;83,10;83,65;83,73;25855;2164840,4;55;
2014-09-03;83,15;83,65;82,50;83,95;82,50;83,15;83,433;23660;1974011,8;57;
2014-09-02;82,00;82,35;82,00;82,50;82,00;82,35;82,358;5910;486733,65;34;
2014-09-01;81,90;82,05;82,70;83,00;82,00;82,05;82,387;3174;261495,05;27;
2014-08-29;82,70;83,10;82,50;83,30;82,50;83,10;83,011;6765;561565,85;41;
2014-08-28;82,40;82,90;83,00;83,20;82,30;82,90;82,502;6966;574708,8;39;
2014-08-27;82,60;83,25;83,40;83,40;82,60;82,60;83,327;4308;358970,95;24;
2014-08-26;83,00;83,45;82,60;83,40;82,60;83,00;83,064;20372;1692181,7;58;
2014-08-25;82,60;82,90;82,25;82,90;82,25;82,60;82,651;17263;1426810;62;
2014-08-22;81,95;82,45;82,70;82,70;81,80;82,15;82,264;7084;582757,35;24;
2014-08-21;82,25;82,70;82,00;82,70;82,00;82,70;82,359;9638;793779,1;28;
2014-08-20;81,35;81,95;82,15;82,60;81,45;81,85;82,293;29360;2416124,5;77;
2014-08-19;81,60;82,00;81,30;81,95;80,80;81,75;81,482;7303;595064,2;37;
2014-08-18;80,95;81,20;80,10;81,20;80,10;81,20;80,509;27522;2215763,9;55;
2014-08-15;79,60;80,10;79,55;80,10;79,55;80,10;79,91;5887;470432,35;18;
2014-08-14;79,70;79,90;79,60;80,00;79,60;79,75;79,847;5140;410412,5;20;
2014-08-13;79,60;80,10;80,15;80,30;79,80;79,95;80,081;5543;443887,1;19;
2014-08-12;79,55;80,15;81,90;81,90;79,75;79,75;80,156;270;21642;4;
2014-08-11;80,25;81,05;79,50;80,40;79,50;80,40;80,095;4592;367797,6;20;
2014-08-08;79,40;79,60;79,00;79,85;79,00;79,40;79,507;12937;1028578,9;37;
2014-08-07;79,25;79,95;80,05;80,85;79,75;79,80;80,203;4130;331240,2;31;
2014-08-06;79,85;80,45;80,10;80,50;79,75;79,85;79,977;12624;1009628,85;45;
2014-08-05;80,05;80,85;80,10;83,00;80,05;80,05;80,957;17141;1387681,6;36;
2014-08-04;80,25;80,85;81,25;81,25;80,55;80,55;80,978;6588;533485,3;43;
2014-08-01;80,20;80,80;81,10;82,10;80,55;80,55;81,294;16310;1325907,75;48;
2014-07-31;81,10;81,30;81,20;82,60;81,10;81,30;81,633;4899;399918,15;18;
2014-07-30;81,85;82,60;82,20;82,60;82,10;82,60;82,332;6350;522805,45;25;
2014-07-29;81,55;82,80;82,40;82,40;81,55;81,55;81,933;12888;1055957,55;31;
2014-07-28;82,00;83,00;82,50;82,80;82,05;82,30;82,372;12060;993400,35;27;
2014-07-25;82,10;82,60;82,40;82,80;82,35;82,60;82,466;17555;1447691,05;30;
2014-07-24;82,80;83,50;82,10;83,05;82,10;82,80;82,753;11969;990472,4;45;
2014-07-23;81,20;82,10;82,00;83,20;82,00;82,10;82,74;10324;854209,15;44;
2014-07-22;81,85;83,00;82,00;82,80;81,95;82,35;82,359;17962;1479336,65;53;
2014-07-21;81,10;81,85;82,00;82,30;81,65;81,75;81,989;22007;1804331,25;55;
2014-07-18;81,95;82,70;79,50;82,90;79,50;82,70;81,623;68507;5592261,65;142;
2014-07-17;76,00;76,30;75,20;76,30;75,20;76,30;75,967;6719;510420,2;28;
2014-07-16;74,90;75,55;75,00;75,70;75,00;75,20;75,398;18788;1414106,05;15;
2014-07-15;74,80;75,20;75,75;75,75;74,80;74,80;75,303;31596;2379270,7;33;
2014-07-14;75,80;76,20;75,00;76,20;75,00;75,80;75,891;8819;669286,35;39;
2014-07-11;74,00;75,15;75,00;75,05;74,50;74,60;74,688;7656;571810,75;30;
2014-07-10;74,90;75,70;75,70;75,70;74,50;75,05;74,907;3900;292138,7;21;
2014-07-09;75,20;75,40;76,50;76,50;75,10;75,40;75,486;3351;252953,85;14;
2014-07-08;76,40;76,60;77,50;77,50;76,50;76,50;77,128;8925;688369;38;
2014-07-07;76,50;77,45;77,90;78,10;77,65;77,80;77,856;4946;385073,55;23;
2014-07-04;77,70;78,10;78,65;78,65;78,05;78,10;78,111;4158;324786,25;20;
2014-07-03;78,20;78,80;77,10;78,65;77,10;78,65;77,73;4435;344731,45;17;
2014-07-02;77,00;77,50;77,55;77,70;77,25;77,35;77,386;3273;253285;21;
2014-07-01;76,80;77,35;76,90;77,05;76,55;77,00;76,738;3610;277024,75;14;
2014-06-30;76,70;77,10;76,85;77,10;76,80;76,85;76,976;2780;213993,75;22;
2014-06-27;76,85;77,45;78,70;78,70;76,65;77,15;76,715;327762;25144125,7;56;
2014-06-26;75,25;76,80;77,40;77,70;76,65;76,70;76,859;5101;392058,85;25;
2014-06-25;77,30;77,90;78,90;78,90;77,45;77,45;78,112;8002;625050,7;47;
2014-06-24;79,20;79,40;78,55;79,45;78,55;79,20;79,047;4400;347804,85;17;
2014-06-23;79,30;79,80;79,00;79,90;79,00;79,55;79,467;6913;549352,85;44;
2014-06-19;78,15;78,70;77,50;78,70;77,50;78,15;78,132;8487;663104,55;41;
2014-06-18;77,05;77,50;77,05;77,25;77,00;77,25;77,069;2456;189281,05;14;
2014-06-17;76,75;77,15;77,00;77,55;76,55;76,75;77,043;3855;296999,2;25;
2014-06-16;76,65;77,30;78,20;78,20;76,65;76,65;77,502;13672;1059606;45;
2014-06-13;78,15;78,45;78,50;78,50;77,90;78,45;78,171;42087;3289960,1;114;
2014-06-12;78,50;79,00;78,50;79,25;78,50;78,80;78,982;6113;482816,8;27;
2014-06-11;78,50;78,90;78,30;79,40;78,30;78,50;78,638;2717;213659,8;23;
2014-06-10;79,10;79,40;78,10;79,60;78,10;79,40;78,933;8143;642749,95;28;
2014-06-09;78,50;78,95;80,20;80,30;78,60;78,75;79,521;19451;1546768,45;51;
2014-06-05;77,55;78,15;78,05;78,70;78,00;78,00;78,242;6144;480716,9;20;
2014-06-04;77,60;78,30;78,05;78,30;77,80;77,80;78,001;5798;452251,3;22;
2014-06-03;78,00;78,45;78,15;78,30;77,85;78,30;78,026;25530;1992011,9;38;
2014-06-02;78,30;78,50;79,70;79,70;78,30;78,45;79,074;12002;949048,1;48;
2014-05-30;79,20;79,95;76,20;79,95;76,20;79,95;79,213;53336;4224906,8;122;
2014-05-28;77,70;78,10;78,15;78,15;77,85;77,85;78,097;3191;249206,85;10;
2014-05-27;78,10;78,40;77,50;78,40;77,50;78,15;77,881;6944;540804,4;35;
2014-05-26;77,50;77,85;77,50;77,85;77,50;77,85;77,658;5656;439235,1;17;
2014-05-23;77,35;77,85;77,35;77,85;77,35;77,85;77,61;3580;277842,7;18;
2014-05-22;77,45;77,90;77,80;78,25;77,60;77,85;77,722;19952;1550705,5;67;
2014-05-21;77,75;78,30;77,60;78,10;77,15;78,10;77,526;7099;550353,9;30;
2014-05-20;77,15;77,75;77,60;77,75;77,30;77,60;77,552;3616;280428,65;25;
2014-05-19;77,25;77,65;77,60;77,75;77,15;77,65;77,556;3901;302545,35;22;
2014-05-16;77,10;77,90;77,90;78,00;77,35;77,50;77,645;6604;512764;25;
2014-05-15;77,70;78,30;76,80;78,30;76,80;78,30;77,982;23716;1849416,2;75;
2014-05-14;76,85;77,40;77,10;77,65;76,85;76,85;77,077;40438;3116857,1;102;
2014-05-13;77,10;77,65;77,05;77,65;77,05;77,10;77,399;4774;369503,55;26;
2014-05-12;75,80;77,00;77,00;77,00;75,65;76,50;76,518;10206;780946,8;28;
2014-05-09;75,00;75,20;75,30;75,60;75,30;75,50;75,478;2676;201980,1;18;
2014-05-08;75,50;76,15;75,05;76,15;75,05;75,60;75,722;15705;1189209,4;30;
2014-05-07;75,15;75,85;75,00;75,85;75,00;75,85;75,53;9101;687394,35;27;
2014-05-06;75,05;75,50;74,25;75,50;74,25;75,05;74,959;5374;402828,95;24;
2014-05-05;74,80;75,15;74,90;75,15;74,15;74,85;74,637;9387;700614,75;37;
2014-05-02;74,50;74,80;74,40;75,25;74,40;74,80;74,90;7978;597553,15;36;
2014-04-30;74,90;75,25;75,65;75,65;74,80;74,80;75,293;5287;398074,1;16;
2014-04-29;75,50;75,70;75,05;75,65;74,85;75,65;75,477;11733;885570,95;31;
2014-04-28;75,05;75,45;76,30;76,70;75,05;75,05;75,859;8982;681365,85;40;
2014-04-25;76,30;76,65;77,40;77,40;76,30;76,30;76,644;10021;768044,35;43;
2014-04-24;77,00;77,50;78,50;78,50;76,45;77,50;77,279;29740;2298262,25;89;
2014-04-23;76,75;77,95;80,65;80,65;76,40;76,75;77,847;61656;4799739,4;165;
2014-04-22;81,70;82,00;81,50;82,40;81,30;81,70;81,977;20353;1668467,65;67;
2014-04-17;79,80;80,00;80,50;81,00;79,70;80,10;80,089;5058;405091,3;21;
2014-04-16;80,55;80,65;79,05;80,80;79,05;80,75;80,402;21525;1730646,95;54;
2014-04-15;79,00;79,85;81,45;81,45;79,35;79,85;79,873;9430;753203,9;30;
2014-04-14;78,60;80,60;79,00;80,15;78,60;79,95;79,326;20970;1663455,75;53;
2014-04-11;82,20;82,85;82,60;82,75;81,00;82,70;81,738;60866;4975049,85;92;
2014-04-10;83,00;83,05;83,80;83,80;83,10;83,10;83,434;10876;907426,6;27;
2014-04-09;83,45;83,80;82,40;84,10;82,40;83,80;83,137;16715;1389638,6;50;
2014-04-08;81,85;82,35;81,25;82,00;81,25;81,95;81,769;17090;1397438,8;49;
2014-04-07;81,25;81,75;77,75;82,00;77,75;81,25;81,173;31908;2590051,8;73;
2014-04-04;82,35;82,95;83,05;83,35;82,35;82,35;82,918;6868;569480,85;28;
2014-04-03;83,00;83,60;82,55;83,50;82,55;83,50;83,225;8835;735292,1;29;
2014-04-02;82,30;82,75;83,00;83,25;82,30;82,30;82,833;4995;413748,4;30;
2014-04-01;82,40;83,05;81,30;83,05;81,30;82,80;82,422;18741;1544667,75;37;
2014-03-31;81,60;82,20;81,40;82,00;81,10;81,80;81,582;16789;1369684,4;49;
2014-03-28;80,75;81,40;81,40;81,50;81,05;81,05;81,395;26633;2167798,15;53;
2014-03-27;80,95;81,45;80,20;81,45;80,20;81,45;81,005;19053;1543377,95;35;
2014-03-26;80,20;80,80;79,50;81,10;79,50;80,80;80,739;13492;1089334,3;36;
2014-03-25;79,50;79,75;78,85;79,60;78,85;79,50;79,351;598723;47613808,85;45;
2014-03-24;78,85;79,00;80,00;80,35;78,80;78,85;79,602;15929;1267974,5;45;
2014-03-21;80,25;80,65;79,60;80,75;77,90;80,25;79,577;23896;1901582,15;73;
2014-03-20;79,60;79,95;78,00;79,95;78,00;79,95;79,145;12669;1002689,6;36;
2014-03-19;78,40;78,80;78,60;78,70;78,35;78,65;78,513;13382;1050658,7;29;
2014-03-18;78,55;78,95;78,05;79,05;78,05;78,55;78,70;9200;724039,8;24;
2014-03-17;77,70;78,00;77,10;78,20;77,10;78,05;77,944;6437;501726,95;14;
2014-03-14;76,95;77,10;77,00;77,25;76,50;77,25;76,867;15886;1221106,7;37;
2014-03-13;77,75;78,15;78,00;78,60;77,90;77,90;78,16;8546;667955,15;35;
2014-03-12;77,30;77,45;77,95;77,95;77,25;77,45;77,484;5002;387574,05;19;
2014-03-11;78,45;78,50;79,00;79,00;78,50;78,50;78,764;11815;930591,7;34;
2014-03-10;78,40;78,95;78,55;79,10;78,55;78,95;78,675;3887;305808,15;19;
2014-03-07;78,55;79,15;79,95;79,95;79,00;79,00;79,329;21688;1720477,15;49;
2014-03-06;79,60;79,90;79,55;80,30;79,55;79,90;79,853;17140;1368675,25;63;
2014-03-05;79,30;79,50;78,05;79,90;78,05;79,50;79,184;40734;3225460,8;79;
2014-03-04;77,80;78,00;77,00;78,00;77,00;78,00;77,652;83344;6471859,65;144;
2014-03-03;77,00;77,50;77,55;77,80;77,20;77,50;77,591;28058;2177051,15;84;
2014-02-28;79,15;79,55;79,20;79,55;79,00;79,55;79,247;11449;907295,85;40;
2014-02-27;79,15;79,65;79,90;80,00;78,95;79,15;79,36;17800;1412608,5;43;
2014-02-26;79,80;80,15;78,60;80,20;78,60;79,90;79,818;34324;2739675,6;70;
2014-02-25;78,55;79,00;78,40;79,15;78,35;78,95;78,666;59850;4708139,55;94;
2014-02-24;78,60;78,90;78,25;78,75;78,25;78,60;78,562;26532;2084405,55;66;
2014-02-21;78,30;78,90;77,05;78,75;77,05;78,65;78,018;13790;1075862,8;55;
2014-02-20;77,00;77,60;77,50;77,50;77,00;77,50;77,368;6149;475734,1;26;
2014-02-19;76,80;77,90;77,50;77,95;77,40;77,60;77,624;3776;293107,9;14;
2014-02-18;77,00;77,50;77,70;77,80;77,05;77,30;77,61;2420;187815;12;
2014-02-17;77,40;77,90;77,10;77,70;77,00;77,70;77,239;10271;793318,4;24;
2014-02-14;77,00;77,40;77,00;77,15;76,70;77,15;76,977;9737;749527,4;25;
2014-02-13;76,75;77,40;76,20;76,90;76,10;76,75;76,511;7047;539175,3;24;
2014-02-12;76,45;76,90;76,85;76,85;76,45;76,75;76,66;4394;336842,15;20;
2014-02-11;76,60;77,00;75,60;77,60;75,60;77,00;77,296;14291;1104636,5;86;
2014-02-10;75,60;76,55;76,35;76,55;76,05;76,05;76,293;5553;423657,2;24;
2014-02-07;75,80;76,45;76,30;76,75;76,15;76,15;76,439;8235;629477,4;21;
2014-02-06;76,60;77,15;75,20;76,70;75,20;76,70;76,305;19722;1504882;156;
2014-02-05;74,55;75,10;74,70;75,20;74,65;75,10;74,834;7815;584826,1;37;
2014-02-04;74,50;75,50;74,90;75,35;74,45;74,50;74,879;21323;1596653,35;52;
2014-02-03;75,00;75,80;75,80;77,70;75,45;75,45;76,689;17369;1332005,55;61;
2014-01-31;75,75;76,50;77,00;78,45;75,85;76,10;77,15;35103;2708198,7;71;
2014-01-30;75,80;76,70;73,55;77,10;73,55;76,60;75,915;42796;3248839,2;87;
2014-01-29;73,55;74,05;74,00;74,25;73,00;73,55;73,663;7164;527720,25;25;
2014-01-28;73,35;73,75;74,10;74,10;72,80;73,35;73,082;23701;1732118,4;52;
2014-01-27;72,40;73,45;72,15;74,00;72,15;73,10;73,114;26466;1935043,95;74;
2014-01-24;71,25;71,85;72,10;72,35;71,60;71,60;71,707;7896;566199,2;27;
2014-01-23;72,10;72,70;73,20;73,95;71,55;72,10;72,815;27403;1995347,4;84;
2014-01-22;74,15;74,65;73,75;74,80;73,75;74,15;74,196;9504;705154,6;35;
2014-01-21;73,50;74,00;74,60;74,75;73,60;73,65;73,953;46156;3413369,5;128;
2014-01-20;74,75;74,85;74,70;74,85;74,35;74,75;74,712;13054;975294,65;45;
2014-01-17;74,60;74,85;73,60;74,85;73,60;74,60;74,648;11395;850618,25;40;
2014-01-16;74,15;74,35;74,60;74,80;74,05;74,15;74,397;10322;767928,7;36;
2014-01-15;74,70;74,95;73,65;75,00;73,65;74,80;74,672;22580;1686096,4;60;
2014-01-14;73,15;73,65;73,85;74,10;73,10;73,15;73,657;12180;897143,25;39;
2014-01-13;74,25;74,30;75,15;75,15;74,00;74,30;74,513;34463;2567928,75;86;
2014-01-10;74,80;75,95;73,65;75,95;73,65;75,95;74,962;9587;718664,1;33;
2014-01-09;73,70;74,20;74,60;74,75;73,75;73,75;74,426;12782;951315,85;51;
2014-01-08;74,15;74,55;72,95;74,65;72,95;74,15;74,18;16330;1211356,4;40;
2014-01-07;72,65;72,95;73,45;73,45;71,80;72,95;72,733;10570;768790,35;68;
2014-01-03;73,00;73,45;73,70;73,70;72,90;73,45;73,278;12797;937738,55;53;
2014-01-02;73,30;73,70;74,05;74,75;73,50;73,70;74,159;14314;1061517,6;52;
2013-12-30;74,10;74,50;74,70;75,45;74,10;74,50;74,975;31273;2344678,6;90;
2013-12-27;74,60;75,00;72,50;75,00;72,50;74,60;74,485;19903;1482471,8;57;
2013-12-23;73,20;73,50;73,25;73,55;73,10;73,20;73,312;10585;776003,45;38;
2013-12-20;73,20;73,40;72,70;73,40;72,50;73,20;72,961;20564;1500367,25;66;
2013-12-19;72,55;72,80;72,05;73,50;72,05;72,65;72,935;11409;832115,6;44;
2013-12-18;72,05;72,45;72,45;73,20;72,05;72,05;72,544;13510;980064,25;48;
2013-12-17;71,95;72,10;71,95;72,80;71,95;71,95;72,492;38787;2811737,6;317;
2013-12-16;72,35;72,75;72,75;73,00;72,15;72,35;72,455;6669;483200,1;97;
2013-12-13;72,55;72,85;72,25;73,40;72,25;72,75;72,958;8516;621309,85;163;
2013-12-12;72,60;72,75;73,10;73,50;72,75;72,75;72,98;12665;924286,35;44;
2013-12-11;73,05;73,35;73,60;73,65;72,75;73,10;73,34;7836;574692,75;48;
2013-12-10;73,80;74,00;75,60;75,60;73,80;73,80;74,494;14608;1088200,35;107;
2013-12-09;75,55;75,80;75,00;75,85;75,00;75,80;75,556;13677;1033373,75;45;
2013-12-06;74,60;74,95;74,10;75,10;73,80;75,00;74,727;29107;2175077,7;84;
2013-12-05;74,75;75,10;74,45;75,70;74,45;74,90;75,343;30496;2297650,65;67;
2013-12-04;74,60;74,85;75,00;75,45;74,35;74,75;74,833;13886;1039128,1;57;
2013-12-03;75,00;75,40;76,15;76,75;75,00;75,00;76,241;14328;1092383,6;62;
2013-12-02;76,75;76,85;76,65;77,50;76,65;76,80;77,078;5294;408049,55;28;
2013-11-29;77,50;77,75;77,75;78,00;77,35;77,75;77,723;15490;1203927,6;42;
2013-11-28;77,70;78,30;76,95;78,25;76,95;77,75;77,956;14418;1123964,9;50;
2013-11-27;77,15;77,50;77,35;77,50;77,15;77,30;77,266;10806;834933,35;37;
2013-11-26;76,80;77,25;77,00;77,50;76,95;77,10;77,165;4099;316297,7;22;
2013-11-25;77,30;77,45;77,15;77,65;77,00;77,30;77,134;9195;709248,15;36;
2013-11-22;77,40;77,60;77,00;77,45;76,70;77,35;77,005;8304;639446,75;36;
2013-11-21;76,90;77,25;77,05;77,60;76,80;76,95;77,24;18467;1426381;62;
2013-11-20;77,55;77,65;77,75;78,30;77,65;77,75;77,983;14769;1151727,65;45;
2013-11-19;77,65;77,90;77,50;80,00;77,50;77,65;78,131;14974;1169939,4;55;
2013-11-18;77,75;78,05;79,00;79,00;77,85;77,90;78,524;15881;1247038,25;65;
2013-11-15;78,65;78,75;70,20;79,00;70,20;78,65;78,284;29687;2324010,65;88;
2013-11-14;50,00;77,40;77,75;77,75;50,00;50,00;62,197;32046;2473790,95;50;
2013-11-13;77,15;77,40;76,70;77,35;76,70;77,20;77,06;25514;1966096,15;75;
2013-11-12;76,75;76,95;75,05;77,25;75,05;76,75;76,559;61980;4745143,1;142;
2013-11-11;75,10;75,50;75,20;75,80;75,05;75,05;75,354;8009;603511,25;29;
2013-11-08;75,20;75,70;75,15;75,65;75,00;75,20;75,106;13265;996274,8;41;
2013-11-07;75,05;75,45;75,35;76,25;75,10;75,10;75,757;17869;1353696;52;
2013-11-06;75,35;75,60;73,50;75,55;73,00;75,35;74,925;27342;2048587,6;87;
2013-11-05;73,35;73,75;73,05;74,00;73,05;73,35;73,254;30423;2228607,2;83;
2013-11-04;73,15;73,25;72,10;73,50;72,10;73,15;73,037;5457;398565,3;33;
2013-11-01;72,80;73,50;73,00;73,50;72,80;72,80;72,96;7171;523194,1;29;
2013-10-31;73,10;73,65;74,15;74,15;72,15;73,15;72,687;43144;3136017,25;86;
2013-10-30;73,95;74,25;74,00;75,00;73,90;74,15;74,331;11660;866697,4;48;
2013-10-29;73,50;73,70;73,40;74,30;73,30;73,50;73,48;58657;4310133,85;124;
2013-10-28;73,25;73,30;74,10;74,15;73,05;73,45;73,539;14651;1077415,95;66;
2013-10-25;73,90;74,10;75,10;75,10;74,00;74,10;74,414;23768;1768663,1;83;
2013-10-24;75,10;75,50;76,75;76,75;73,40;75,25;74,808;71917;5379988,55;176;
2013-10-23;79,45;79,75;79,10;79,85;79,10;79,45;79,553;12145;966173,15;20;
2013-10-22;79,75;79,90;79,50;80,25;79,50;79,90;79,854;9160;731463,4;32;
2013-10-21;79,65;79,95;79,65;80,45;79,65;79,65;80,115;23793;1906180,3;62;
2013-10-18;79,65;79,75;79,00;79,85;79,00;79,85;79,438;5954;472971,45;27;
2013-10-17;79,25;79,45;80,00;80,00;79,10;79,25;79,678;11879;946496,9;40;
2013-10-16;79,85;79,90;79,25;79,90;79,25;79,85;79,483;6976;554473,45;32;
2013-10-15;79,40;79,90;78,90;79,70;78,80;79,70;79,21;5962;472250,3;19;
2013-10-14;78,25;78,45;80,10;80,10;77,65;78,25;78,233;12375;968131,15;43;
2013-10-11;79,90;80,30;81,20;81,30;79,80;80,00;80,615;13013;1049038,5;38;
2013-10-10;80,85;81,05;78,90;81,00;78,90;80,85;80,042;20638;1651897;61;
2013-10-09;78,75;79,35;79,55;79,60;78,70;78,75;79,113;34715;2746418,45;110;
2013-10-08;79,80;79,85;80,80;80,95;79,80;79,80;80,576;5019;404413,15;25;
2013-10-07;80,60;80,90;80,85;81,00;80,10;81,00;80,764;27527;2223195;65;
2013-10-04;81,20;81,40;81,30;81,75;80,60;81,40;81,202;21381;1736178,95;66;
2013-10-03;81,60;81,70;80,45;82,75;80,45;81,65;81,965;28690;2351567,35;63;
2013-10-02;81,45;81,90;81,70;82,75;81,30;81,30;81,664;9132;745755,45;36;
2013-10-01;82,10;82,35;81,40;82,45;81,10;82,10;81,963;6727;551366,6;43;
2013-09-30;81,65;81,70;82,75;82,75;81,40;81,50;81,855;8311;680293,7;33;
2013-09-27;83,25;83,45;83,10;84,10;83,10;83,45;83,612;6675;558111,15;44;
2013-09-26;83,15;83,45;85,00;85,00;83,00;83,15;84,081;6735;566287,15;31;
2013-09-25;83,60;83,90;84,60;84,60;83,60;83,60;83,927;3075;258074,35;19;
2013-09-24;84,45;84,65;83,45;84,90;83,45;84,50;84,352;10765;908045,55;56;
2013-09-23;83,45;83,75;83,20;84,40;83,20;83,45;83,657;13192;1103602,55;43;
2013-09-20;84,10;84,30;85,20;85,20;84,00;84,30;84,329;11442;964888,6;44;
2013-09-19;85,30;85,50;86,50;86,50;85,10;85,30;85,666;13802;1182362,8;56;
2013-09-18;85,55;86,00;85,25;86,50;85,25;85,70;86,036;11449;985030,9;52;
2013-09-17;85,25;85,45;86,40;86,40;85,10;85,25;85,611;13880;1188281,7;51;
2013-09-16;86,40;86,75;85,55;86,95;85,45;86,40;86,503;18721;1619424;61;
2013-09-13;84,85;85,35;85,50;85,70;84,90;85,05;85,347;11730;1001123,35;35;
2013-09-12;85,80;85,90;84,05;85,90;84,00;85,90;84,772;18435;1562775,65;56;
2013-09-11;84,90;85,10;84,00;85,20;83,80;85,10;84,566;11667;986632,5;43;
2013-09-10;83,75;84,15;83,00;85,00;83,00;84,15;84,291;22224;1873284,3;66;
2013-09-09;82,95;83,50;82,55;83,60;82,00;83,50;82,617;51122;4223537,1;116;
2013-09-06;82,80;82,90;80,60;82,90;80,60;82,75;82,191;30242;2485615,2;95;
2013-09-05;80,05;80,65;79,60;80,85;79,60;80,05;80,333;86658;6961696;208;
2013-09-04;79,60;79,80;77,50;79,80;77,50;79,80;79,011;14102;1114217,55;44;
2013-09-03;78,75;78,95;76,00;79,50;76,00;78,95;78,284;50389;3944630,5;122;
2013-09-02;74,90;76,00;74,30;75,10;74,30;75,00;74,756;13044;975116,3;31;
2013-08-30;74,35;74,75;74,80;74,80;74,30;74,35;74,615;1710;127591,4;9;
2013-08-29;74,80;75,35;74,45;75,55;74,45;74,80;75,265;12892;970311,35;33;
2013-08-28;74,90;75,25;75,70;76,00;74,80;75,10;75,08;36765;2760317,6;62;
2013-08-27;75,30;75,60;75,55;76,00;75,05;75,20;75,338;11448;862465;34;
2013-08-26;74,50;76,10;75,15;76,00;75,05;76,00;75,694;10704;810222,95;32;
2013-08-23;75,15;75,25;75,00;75,65;74,90;75,15;75,175;4621;347384,6;26;
2013-08-22;75,20;75,55;74,85;75,60;74,85;75,25;75,227;2045;153838,95;12;
2013-08-21;74,85;75,05;76,00;76,00;74,85;74,85;75,272;2379;179072,55;17;
2013-08-20;75,70;75,80;75,40;76,15;75,40;75,90;75,82;1743;132155;10;
2013-08-19;75,95;76,35;76,50;76,75;75,90;75,90;76,084;1770;134669;10;
2013-08-16;76,05;76,60;75,70;76,00;75,45;76,00;75,711;6781;513394;26;
2013-08-15;75,70;75,80;76,90;76,90;76,00;76,00;76,117;8559;651483,55;20;
2013-08-14;76,65;77,10;76,65;77,15;76,65;76,85;77,018;7022;540820,1;23;
2013-08-13;76,20;76,65;76,25;76,35;76,05;76,20;76,155;5481;417404,95;19;
2013-08-12;76,25;76,50;76,40;76,40;76,20;76,25;76,315;2293;174990,5;19;
2013-08-09;76,30;76,60;76,25;76,50;76,20;76,30;76,311;4909;374610,1;18;
2013-08-08;75,85;76,10;75,30;76,40;75,30;75,95;76,028;3730;283585,05;25;
2013-08-07;75,35;75,65;75,35;75,75;75,15;75,40;75,49;3428;258781;16;
2013-08-06;75,35;75,70;75,25;76,15;75,25;75,35;75,605;6683;505267,6;21;
2013-08-05;75,25;75,70;75,25;75,90;75,25;75,25;75,596;4458;337006,6;17;
2013-08-02;74,65;75,20;74,55;75,50;74,55;75,00;75,131;9781;734854,4;22;
2013-08-01;74,35;74,75;74,05;74,80;73,85;74,45;74,387;5118;380713,65;18;
2013-07-31;73,70;74,05;74,50;74,55;73,70;73,70;74,218;3920;290936,25;15;
2013-07-30;74,55;74,85;73,60;74,55;73,60;74,55;74,02;3662;271060,55;17;
2013-07-29;73,60;73,90;73,50;73,95;73,50;73,60;73,747;4421;326035,55;20;
2013-07-26;73,30;73,80;73,15;73,85;73,15;73,50;73,587;8463;622766,05;21;
2013-07-25;73,10;73,50;72,50;73,15;72,50;73,15;72,944;3760;274268,5;9;
2013-07-24;72,45;73,15;72,25;72,95;72,25;72,70;72,684;10051;730544;27;
2013-07-23;72,20;72,45;72,70;72,70;72,05;72,05;72,178;1160;83727;4;
2013-07-22;71,55;72,65;71,00;73,00;71,00;72,65;72,434;9097;658936,15;26;
2013-07-19;72,70;73,10;73,80;73,80;71,75;72,85;72,319;11333;819594,1;40;
2013-07-18;72,10;73,25;73,30;74,20;72,00;73,25;73,263;47531;3482249,25;149;
2013-07-17;76,55;77,10;77,15;77,75;76,55;76,55;77,188;2077;160319;19;
2013-07-16;70,25;78,05;78,05;78,70;77,70;78,05;78,215;5613;439022,4;36;
2013-07-15;78,20;78,55;77,90;78,80;77,90;78,20;78,357;9333;731304;31;
2013-07-12;77,45;77,85;76,75;78,00;76,75;78,00;77,583;8225;638120,3;32;
2013-07-11;76,85;76,90;76,50;77,05;76,50;76,90;76,913;5448;419021,65;21;
2013-07-10;76,25;76,70;75,45;76,65;75,45;76,50;76,061;5350;406926;17;
2013-07-09;75,45;75,70;75,50;76,00;75,30;75,45;75,593;3959;299270,65;16;
2013-07-08;75,45;75,80;75,45;76,05;75,45;75,50;75,96;4662;354123,25;16;
2013-07-05;74,25;74,30;74,55;75,40;74,25;74,25;74,954;3018;226210,05;24;
2013-07-04;74,55;75,00;74,00;75,00;74,00;74,55;74,47;3498;260495,35;19;
2013-07-03;73,60;74,00;73,80;73,80;72,65;73,50;73,115;1783;130363,75;11;
2013-07-02;73,30;73,80;71,30;73,80;71,30;73,80;73,407;1273;93447,2;14;
2013-07-01;73,35;73,80;73,15;73,70;72,90;73,50;73,417;7791;571992;36;
2013-06-28;73,05;73,35;71,00;74,35;71,00;73,05;73,354;14691;1077646,55;57;
2013-06-27;74,20;74,25;72,80;74,55;72,80;74,25;73,827;7011;517603,25;30;
2013-06-26;72,50;72,90;71,00;72,85;71,00;72,60;71,961;2453;176520,4;14;
2013-06-25;70,75;70,95;70,00;71,50;70,00;70,95;70,795;10853;768338,3;43;
2013-06-24;69,65;70,25;71,90;71,90;69,65;69,65;70,65;13536;956317;65;
2013-06-20;72,20;72,90;73,95;74,30;72,20;72,20;73,52;13268;975465;36;
2013-06-19;74,65;75,00;75,15;76,25;74,70;74,80;75,557;7015;530029,7;19;
2013-06-18;75,30;75,60;75,40;75,50;74,70;75,30;75,181;7774;584456,85;23;
2013-06-17;75,15;75,45;72,05;75,60;72,05;75,40;75,156;9910;744795,45;37;
2013-06-14;74,25;74,95;74,10;74,70;74,10;74,25;74,366;7411;551122,9;22;
2013-06-13;73,80;74,10;72,85;73,80;72,75;73,80;73,169;2462;180141,25;11;
2013-06-12;73,20;73,55;74,00;74,30;73,20;73,20;73,781;3029;223482,3;14;
2013-06-11;74,00;74,10;74,40;74,85;74,00;74,10;74,377;4141;307996,4;33;
2013-06-10;74,80;74,85;74,05;75,20;74,05;74,85;74,796;3486;260737,1;27;
2013-06-07;74,75;74,80;74,00;75,45;74,00;74,75;74,619;21423;1598563,45;93;
2013-06-05;73,90;73,95;75,80;76,00;73,95;73,95;74,672;11749;877324,75;50;
2013-06-04;75,80;76,30;75,05;76,30;75,05;76,30;75,957;5683;431660,9;29;
2013-06-03;75,05;75,55;74,00;76,50;74,00;75,05;75,395;4596;346514,3;52;
2013-05-31;75,60;76,05;77,00;77,00;75,50;76,00;75,788;8650;655567,9;49;
2013-05-30;76,70;77,20;77,00;77,95;76,80;77,20;77,541;8675;672670,35;21;
2013-05-29;77,00;77,30;77,50;77,50;76,90;77,00;77,249;8031;620388,65;37;
2013-05-28;77,90;78,40;76,00;78,25;76,00;78,00;77,844;23771;1850431,85;73;
2013-05-27;75,80;76,25;74,15;76,00;74,15;75,70;75,184;3289;247279,95;18;
2013-05-24;75,05;75,40;75,90;75,90;75,15;75,15;75,491;6017;454226,35;29;
2013-05-23;75,60;76,00;75,80;76,00;75,10;76,00;75,628;9590;725273,85;55;
2013-05-22;77,00;77,45;76,00;77,50;76,00;77,50;76,959;11088;853326,1;49;
2013-05-21;76,00;76,50;76,00;76,55;75,70;76,50;76,193;3833;292046,65;20;
2013-05-20;76,55;77,05;77,20;77,20;76,10;76,60;76,774;8489;651733,5;37;
2013-05-17;77,10;77,40;77,75;78,20;77,10;77,10;77,778;9909;770702,65;38;
2013-05-16;78,75;79,10;80,15;80,15;78,85;78,90;79,339;4702;373050,05;22;
2013-05-15;80,15;80,65;75,50;80,20;75,50;80,20;79,796;15112;1205876,15;41;
2013-05-14;79,05;79,50;79,00;79,50;79,00;79,50;79,202;3236;256298,9;27;
2013-05-13;79,20;79,50;79,00;79,50;79,00;79,15;79,325;1491125;118097466,1;13;
2013-05-10;79,05;79,40;79,40;79,40;77,30;79,40;78,945;10239;808313;35;
2013-05-08;79,30;79,80;78,70;79,60;78,70;79,60;79,096;2421;191490,25;18;
2013-05-07;78,50;78,75;77,00;79,00;77,00;79,00;78,315;10017;784479,05;35;
2013-05-06;76,95;77,45;78,30;78,30;76,85;76,95;77,143;3224;248707,3;21;
2013-05-03;77,05;78,30;77,10;78,30;76,60;78,30;77,171;2427;187294,05;21;
2013-05-02;77,00;77,45;77,45;77,75;76,90;77,00;77,125;7464;575660,45;38;
2013-04-30;78,50;79,00;76,30;78,50;76,30;78,50;78,173;7835;612483,9;21;
2013-04-29;76,30;77,95;77,15;77,80;76,30;76,30;77,493;14912;1155570,6;44;
2013-04-26;77,45;77,80;77,55;78,00;77,35;77,80;77,758;9959;774393,2;32;
2013-04-25;77,60;78,10;77,00;79,00;77,00;77,60;77,912;10942;852514;44;
2013-04-24;77,20;77,70;73,60;77,20;73,55;77,20;74,695;12535;936302,85;41;
2013-04-23;74,20;74,45;73,40;74,10;73,40;74,05;73,722;12955;955063,75;39;
2013-04-22;73,20;73,65;73,35;74,40;73,35;73,75;73,737;6451;475675;27;
2013-04-19;74,00;74,45;74,05;74,35;73,90;74,00;74,204;3885;288281,2;17;
2013-04-18;74,00;74,30;74,60;75,30;73,80;74,15;74,74;6006;448887,95;27;
2013-04-17;74,45;74,90;75,10;75,25;73,95;74,60;74,60;4070;303619,95;25;
2013-04-16;74,70;75,10;74,10;75,40;74,10;75,10;74,724;8659;647034,45;25;
2013-04-15;74,10;74,55;74,55;74,75;74,10;74,10;74,473;7992;595185,65;25;
2013-04-12;74,70;75,10;75,10;75,55;74,65;74,80;74,955;4665;349665,65;26;
2013-04-11;74,70;75,00;75,00;75,05;74,70;74,70;74,988;10887;816390,25;33;
2013-04-10;75,00;75,20;74,80;75,40;74,35;75,00;74,888;21539;1613006,6;34;
2013-04-09;76,65;77,20;76,35;76,95;76,30;76,60;76,57;16293;1247551,75;37;
2013-04-08;75,25;75,95;75,00;75,75;75,00;75,70;75,449;8087;610159,15;37;
2013-04-05;75,25;75,50;76,10;76,55;74,45;75,25;75,517;16974;1281829,35;57;
2013-04-04;76,50;77,10;78,05;78,05;76,30;76,40;77,442;14965;1158916,1;42;
2013-04-03;77,90;78,25;78,00;79,00;78,00;78,25;78,595;5270;414197,95;23;
2013-04-02;78,00;78,65;79,00;79,50;78,30;78,30;78,867;15406;1215031,05;46;
2013-03-28;79,40;79,90;79,00;79,45;79,00;79,45;79,299;3106;246302,25;13;
2013-03-27;79,40;79,90;79,70;79,95;78,80;79,40;79,549;13392;1065323,9;49;
2013-03-26;79,25;79,65;79,15;80,00;79,15;79,55;79,695;6542;521363,05;35;
2013-03-25;79,40;79,90;80,00;80,70;79,45;79,55;80,183;8465;678745,7;40;
2013-03-22;79,80;80,40;78,00;80,50;78,00;79,80;79,951;11035;882253,85;52;
2013-03-21;79,60;80,00;80,50;80,90;79,60;79,60;80,274;5395;433078,8;35;
2013-03-20;80,55;80,80;81,00;81,35;80,00;80,55;80,649;8386;676317,9;40;
2013-03-19;80,15;81,00;80,95;81,00;79,75;81,00;80,314;32731;2628742,25;96;
2013-03-18;81,70;81,90;82,00;82,50;81,00;81,70;81,945;17810;1459448,45;71;
2013-03-15;83,30;83,95;83,30;84,55;83,30;83,30;83,894;24399;2046921,95;91;
2013-03-14;83,40;83,85;83,00;84,40;82,85;83,40;83,481;34228;2857377,55;115;
2013-03-13;81,35;82,00;81,05;82,00;80,00;81,65;80,97;18576;1504089,95;73;
2013-03-12;80,55;81,05;80,50;82,30;80,30;80,30;81,052;38689;3135805,9;120;
2013-03-11;80,25;80,80;81,00;81,00;79,25;80,40;80,476;37024;2979548,3;127;
2013-03-08;79,00;79,55;80,50;80,60;79,00;79,00;79,514;26457;2103713,4;57;
2013-03-07;80,50;80,95;79,00;80,60;78,85;80,60;79,561;30711;2443387,1;76;
2013-03-06;79,00;79,35;79,50;80,00;79,00;79,00;79,389;14333;1137879,95;44;
2013-03-05;79,50;80,15;77,00;80,15;77,00;79,85;79,972;631715;50519269;85;
2013-03-04;76,85;77,25;75,60;77,00;75,60;77,00;76,539;4844;370755,7;22;
2013-03-01;76,85;77,20;77,70;77,70;75,80;76,80;76,535;8841;676645,3;33;
2013-02-28;76,40;76,85;77,40;77,50;76,35;76,40;76,543;15489;1185575,75;33;
2013-02-27;77,00;77,40;76,25;77,40;76,05;77,40;76,592;13685;1048160,9;43;
2013-02-26;76,60;76,90;76,30;76,85;76,00;76,60;76,525;8290;634394,55;31;
2013-02-25;77,05;77,10;76,30;77,50;76,30;77,10;77,166;53063;4094605,65;115;
2013-02-22;76,20;76,60;76,00;76,95;76,00;76,60;76,763;6044;463952,65;25;
2013-02-21;75,75;77,35;77,00;77,35;76,00;76,00;76,564;6255;478904,95;29;
2013-02-20;76,80;77,80;77,00;77,75;77,00;77,00;77,304;7098;548702;26;
2013-02-19;76,60;77,05;77,00;77,00;76,50;76,60;76,73;6282;482016,65;40;
2013-02-18;76,30;76,65;77,35;77,50;76,30;76,65;77,043;11284;869348,45;34;
2013-02-15;76,80;77,35;76,00;77,45;76,00;76,90;76,855;17019;1308002,65;49;
2013-02-14;75,95;76,90;76,00;76,90;75,50;76,90;75,981;10305;782987,9;36;
2013-02-13;76,10;76,55;75,35;76,75;75,35;76,35;76,521;16362;1252034,7;55;
2013-02-12;75,80;76,45;75,00;76,50;75,00;76,15;76,255;12440;948613,3;35;
2013-02-11;75,45;76,15;76,00;76,45;75,45;75,65;76,088;15757;1198911;45;
2013-02-08;75,10;76,00;76,00;76,20;74,75;76,00;75,612;16412;1240941,6;56;
2013-02-07;75,40;76,00;75,60;76,80;75,60;76,00;76,049;21896;1665172,4;56;
2013-02-06;75,40;75,80;75,00;75,80;75,00;75,50;75,543;13503;1020057,05;39;
2013-02-05;75,40;75,95;75,00;75,80;75,00;75,40;75,494;10316;778792,4;51;
2013-02-04;75,30;75,95;74,60;76,50;74,60;75,50;75,579;58561;4425995,75;150;
2013-02-01;74,40;74,70;72,30;74,80;72,30;74,55;74,003;30572;2262418,55;111;
2013-01-31;71,95;72,85;71,50;74,30;71,50;72,30;72,646;86571;6289024,9;192;
2013-01-30;66,65;67,15;68,00;68,00;66,75;66,90;67,214;36689;2465996,2;74;
2013-01-29;68,00;68,10;67,75;68,20;67,40;68,10;67,831;30839;2091839,6;71;
2013-01-28;67,65;67,75;68,00;68,00;67,25;67,65;67,754;16014;1085006,3;64;
2013-01-25;67,05;67,20;66,70;67,40;66,40;67,20;67,149;16514;1108897,25;39;
2013-01-24;66,50;67,00;65,90;67,20;65,90;66,50;66,72;8700;580464,6;37;
2013-01-23;66,75;67,00;63,55;67,20;63,55;67,10;66,718;17423;1162430,85;53;
2013-01-22;65,25;66,00;65,30;66,00;65,20;66,00;65,388;17478;1142854,6;59;
2013-01-21;65,35;65,75;65,70;65,75;65,30;65,75;65,561;12507;819969,25;42;
2013-01-18;64,90;65,60;65,25;65,60;65,00;65,60;65,381;39626;2590784,55;90;
2013-01-17;64,80;65,25;64,50;65,45;64,50;65,25;65,103;18333;1193536,5;38;
2013-01-16;64,15;64,50;63,60;64,50;63,60;64,30;64,395;7162;461197,1;25;
2013-01-15;63,40;63,60;63,95;64,60;63,45;63,60;63,946;32876;2102285,5;73;
2013-01-14;64,65;65,00;65,95;65,95;64,65;65,00;65,389;17246;1127702,6;49;
2013-01-11;65,00;65,35;63,80;65,35;63,80;65,35;64,592;12609;814437,7;36;
2013-01-10;64,50;64,80;63,00;65,35;63,00;64,50;64,78;20371;1319632,4;50;
2013-01-09;63,00;63,45;62,95;64,00;62,90;63,00;63,38;20943;1327362,25;70;
2013-01-08;63,10;63,20;66,00;66,30;63,15;63,20;65,173;60172;3921603,7;144;
2013-01-07;66,30;66,70;65,30;67,00;65,30;66,40;66,256;30602;2027572,4;85;
2013-01-04;65,90;66,70;66,00;66,35;65,70;65,90;66,126;24328;1608704,15;59;
2013-01-03;65,50;66,00;64,00;65,60;64,00;65,50;65,202;15088;983761,05;56;
2013-01-02;64,85;65,05;64,00;65,20;64,00;64,85;64,839;35954;2331220,05;105;
2012-12-28;63,15;63,90;62,80;63,90;62,80;63,90;63,412;100870;6396315,85;137;
2012-12-27;63,40;63,75;63,80;64,15;63,30;63,75;63,609;69147;4398387,25;201;
2012-12-21;63,35;64,50;62,00;64,50;62,00;64,50;63,339;47065;2981044,95;146;
2012-12-20;63,10;63,50;62,80;63,85;62,10;63,50;63,117;35940;2268428,85;80;
2012-12-19;64,30;64,60;64,60;64,90;64,30;64,30;64,524;22365;1443080,6;56;
2012-12-18;64,20;64,60;62,80;64,50;62,80;64,00;64,216;10749;690235,2;26;
2012-12-17;63,70;64,20;63,80;64,20;63,45;64,00;63,719;37731;2404187,05;87;
2012-12-14;63,80;64,20;63,00;64,15;63,00;63,80;63,663;23293;1482906,4;54;
2012-12-13;63,25;63,80;63,00;63,75;62,85;63,55;63,265;4024511;253750685,95;69;
2012-12-12;62,85;63,00;62,80;63,75;62,80;63,00;63,036;12679;799233,95;50;
2012-12-11;63,60;64,20;63,90;64,10;63,60;63,60;63,911;27028;1727398;71;
2012-12-10;60,50;64,10;63,00;64,45;62,70;64,10;63,324;33641;2130276,6;84;
2012-12-07;62,85;63,20;62,05;63,10;62,00;63,00;62,368;24658;1537864,8;55;
2012-12-06;61,70;62,00;61,50;62,25;61,50;61,90;61,966;28915;1791757,9;77;
2012-12-05;61,30;61,90;60,20;62,00;60,20;61,55;61,567;6115;376483,25;25;
2012-12-04;60,00;61,90;62,00;62,00;60,95;61,40;61,368;6901;423497,7;24;
2012-12-03;61,05;61,75;60,00;61,85;60,00;61,50;61,405;27969;1717448,35;74;
2012-11-30;60,30;60,95;59,75;60,50;59,65;60,50;60,425;9580;578874;27;
